{
  "type": "FeatureCollection",
  "features": [
    {
      "type": "Feature",
      "properties": {
        "shapeName": "Isle of Anglesey",
        "shapeISO": "",
        "shapeID": "12218062B31649916591193",
        "shapeGroup": "GBR",
        "shapeType": "ADM3"
      },
      "geometry": {
        "type": "MultiPolygon",
        "coordinates": [
          [
            [
              [
                -4.334410030999948,
                53.14895826900005
              ],
              [
                -4.318609074999927,
                53.14998102700008
              ],
              [
                -4.31767524199995,
                53.14415027100006
              ],
              [
                -4.21852647999998,
                53.185621179000066
              ],
              [
                -4.202773054999966,
                53.215750256000035
              ],
              [
                -4.170837400999972,
                53.22515537800007
              ],
              [
                -4.162634141999945,
                53.22368647600007
              ],
              [
                -4.159236104999934,
                53.233893083000055
              ],
              [
                -4.100690096999926,
                53.25473644400006
              ],
              [
                -4.040161868999974,
                53.31060451400003
              ],
              [
                -4.119701032999956,
                53.31918595800005
              ],
              [
                -4.143348378999974,
                53.305317597000055
              ],
              [
                -4.204079202999935,
                53.29224541800005
              ],
              [
                -4.214511199999947,
                53.29879830600004
              ],
              [
                -4.204258995999965,
                53.313809683000045
              ],
              [
                -4.219101911999928,
                53.31902138800007
              ],
              [
                -4.233852164999973,
                53.340622446000054
              ],
              [
                -4.230062686999929,
                53.35774991300008
              ],
              [
                -4.264776719999929,
                53.360811768000076
              ],
              [
                -4.279991262999943,
                53.37609211000006
              ],
              [
                -4.276356544999942,
                53.37106197500003
              ],
              [
                -4.295692067999937,
                53.36462316400008
              ],
              [
                -4.269379398999945,
                53.39054734000007
              ],
              [
                -4.287317358999928,
                53.417045346000066
              ],
              [
                -4.293014544999949,
                53.41107151400007
              ],
              [
                -4.325277239999934,
                53.41836307700004
              ],
              [
                -4.334388614999966,
                53.413283945000046
              ],
              [
                -4.338795664999964,
                53.41960550200008
              ],
              [
                -4.356363402999932,
                53.41421453400005
              ],
              [
                -4.36819987299998,
                53.424058864000074
              ],
              [
                -4.402575224999964,
                53.42092209200007
              ],
              [
                -4.42519589099993,
                53.43002498300007
              ],
              [
                -4.450960849999944,
                53.42286882900004
              ],
              [
                -4.450208294999925,
                53.412893860000054
              ],
              [
                -4.478120640999975,
                53.42223282300006
              ],
              [
                -4.491921063999939,
                53.41118492800007
              ],
              [
                -4.509475560999931,
                53.409413061000066
              ],
              [
                -4.510208949999935,
                53.41685658800003
              ],
              [
                -4.52979768299997,
                53.40606
              ],
              [
                -4.574260503999938,
                53.40370089000004
              ],
              [
                -4.555124605999936,
                53.373734769000066
              ],
              [
                -4.582916414999943,
                53.32567517100006
              ],
              [
                -4.562363517999927,
                53.31675156300008
              ],
              [
                -4.563142565999954,
                53.29944353500008
              ],
              [
                -4.529724708999936,
                53.30951078500004
              ],
              [
                -4.574790562999965,
                53.28790394100008
              ],
              [
                -4.583510087999969,
                53.29039174900004
              ],
              [
                -4.576182979999942,
                53.28601435000007
              ],
              [
                -4.588615296999933,
                53.28128277800005
              ],
              [
                -4.560337656999934,
                53.264549060000036
              ],
              [
                -4.55423267499998,
                53.267633354000054
              ],
              [
                -4.555476786999975,
                53.24967578400003
              ],
              [
                -4.535896198999978,
                53.23697789200003
              ],
              [
                -4.523485754999967,
                53.23258292100007
              ],
              [
                -4.523156881999967,
                53.237578410000026
              ],
              [
                -4.512736895999979,
                53.23861804400008
              ],
              [
                -4.521818248999978,
                53.23199223100005
              ],
              [
                -4.523526928999956,
                53.231957426000065
              ],
              [
                -4.523886093999977,
                53.22650067700005
              ],
              [
                -4.497342396999954,
                53.20722595900003
              ],
              [
                -4.504223774999957,
                53.187106705000076
              ],
              [
                -4.48832,
                53.18660589600006
              ],
              [
                -4.48644987299997,
                53.17720862800007
              ],
              [
                -4.466735356999948,
                53.18225565700004
              ],
              [
                -4.466787799999963,
                53.18418588800006
              ],
              [
                -4.460094285999958,
                53.19462451700008
              ],
              [
                -4.466137426999978,
                53.18336960900007
              ],
              [
                -4.44355963199996,
                53.15501070700003
              ],
              [
                -4.396862717999966,
                53.18788111600003
              ],
              [
                -4.385015158999977,
                53.19157323700006
              ],
              [
                -4.385060253999939,
                53.19135794300007
              ],
              [
                -4.389592081999979,
                53.16971133700008
              ],
              [
                -4.419793744999936,
                53.163817349000055
              ],
              [
                -4.407580060999976,
                53.14434291300006
              ],
              [
                -4.415940438999939,
                53.134908119000045
              ],
              [
                -4.398687897999935,
                53.14497642900005
              ],
              [
                -4.328740167999968,
                53.126598383000044
              ],
              [
                -4.355027233999976,
                53.13441581600006
              ],
              [
                -4.337571075999961,
                53.142784506000055
              ],
              [
                -4.336188577999962,
                53.14753754700007
              ],
              [
                -4.340118009999969,
                53.14858827200004
              ],
              [
                -4.330926928999929,
                53.16561777000004
              ],
              [
                -4.334410030999948,
                53.14895826900005
              ]
            ]
          ],
          [
            [
              [
                -4.619010838999941,
                53.33085418500008
              ],
              [
                -4.661928947999968,
                53.318882521000035
              ],
              [
                -4.682382735999965,
                53.32268935400003
              ],
              [
                -4.696699158999934,
                53.307376849000036
              ],
              [
                -4.677730167999925,
                53.29829322300003
              ],
              [
                -4.686546576999945,
                53.28406528900007
              ],
              [
                -4.667305903999932,
                53.28124479000007
              ],
              [
                -4.651598322999973,
                53.287906348000035
              ],
              [
                -4.617284871999971,
                53.27914651200007
              ],
              [
                -4.625574537999967,
                53.26928215600003
              ],
              [
                -4.608517322999944,
                53.25591259300006
              ],
              [
                -4.613237310999978,
                53.246517134000044
              ],
              [
                -4.597561402999929,
                53.240345683000044
              ],
              [
                -4.556236962999947,
                53.24518850700008
              ],
              [
                -4.572686203999979,
                53.26161528100005
              ],
              [
                -4.56183434299993,
                53.263998094000044
              ],
              [
                -4.584510679999937,
                53.26324950000003
              ],
              [
                -4.576416230999939,
                53.272427684000036
              ],
              [
                -4.597359552999933,
                53.27437439400006
              ],
              [
                -4.598015847999932,
                53.28273186100006
              ],
              [
                -4.609897664999949,
                53.279338953000035
              ],
              [
                -4.583786018999945,
                53.29019263300006
              ],
              [
                -4.584982759999946,
                53.30117915800008
              ],
              [
                -4.611191086999952,
                53.30278009400007
              ],
              [
                -4.620801073999928,
                53.31269998100004
              ],
              [
                -4.631356751999931,
                53.30782582000006
              ],
              [
                -4.624498865999954,
                53.31936845800004
              ],
              [
                -4.627708316999929,
                53.314464430000044
              ],
              [
                -4.648200164999935,
                53.31866683000004
              ],
              [
                -4.619010838999941,
                53.33085418500008
              ]
            ]
          ]
        ]
      }
    },
    {
      "type": "Feature",
      "properties": {
        "shapeName": "Gwynedd",
        "shapeISO": "",
        "shapeID": "12218062B38841137544613",
        "shapeGroup": "GBR",
        "shapeType": "ADM3"
      },
      "geometry": {
        "type": "MultiPolygon",
        "coordinates": [
          [
            [
              [
                -4.007391191999943,
                53.24692222600004
              ],
              [
                -4.085574497999971,
                53.225647406000064
              ],
              [
                -4.091083709999964,
                53.23669732400003
              ],
              [
                -4.106263944999966,
                53.23232935500005
              ],
              [
                -4.113244540999972,
                53.23688264700007
              ],
              [
                -4.114471730999981,
                53.23140719100007
              ],
              [
                -4.122372054999971,
                53.23707464300003
              ],
              [
                -4.16292770299998,
                53.222804318000044
              ],
              [
                -4.16496275399993,
                53.22208758200003
              ],
              [
                -4.199318700999925,
                53.20997970500008
              ],
              [
                -4.212107464999974,
                53.18318717100004
              ],
              [
                -4.243632045999959,
                53.17045801000006
              ],
              [
                -4.277695759999972,
                53.143387063000034
              ],
              [
                -4.273622544999967,
                53.13280993300003
              ],
              [
                -4.283145694999973,
                53.13948916800007
              ],
              [
                -4.311879217999945,
                53.12719154300004
              ],
              [
                -4.313777337999966,
                53.106631004000064
              ],
              [
                -4.305835586999933,
                53.10786746900004
              ],
              [
                -4.319327116999943,
                53.092796028000066
              ],
              [
                -4.333831648999933,
                53.113990784000066
              ],
              [
                -4.319615742999929,
                53.12148538500003
              ],
              [
                -4.337588349999976,
                53.12259019800007
              ],
              [
                -4.346596289999979,
                53.11427605800003
              ],
              [
                -4.336402305999968,
                53.079130021000026
              ],
              [
                -4.353855256999964,
                53.03319412800005
              ],
              [
                -4.41015846199997,
                52.99802225500008
              ],
              [
                -4.437090348999959,
                52.99870257600003
              ],
              [
                -4.471590072999959,
                52.96673903900006
              ],
              [
                -4.519598808999945,
                52.940319300000056
              ],
              [
                -4.560081784999966,
                52.93772761100007
              ],
              [
                -4.567447903999948,
                52.948546918000034
              ],
              [
                -4.570571035999933,
                52.938882525000054
              ],
              [
                -4.615149195999948,
                52.923768014000075
              ],
              [
                -4.632156735999956,
                52.90596786700007
              ],
              [
                -4.64976268099997,
                52.90618773600005
              ],
              [
                -4.696065031999979,
                52.85945875900006
              ],
              [
                -4.726164686999937,
                52.85351171900004
              ],
              [
                -4.722537551999949,
                52.836268948000054
              ],
              [
                -4.767765801999928,
                52.79596950000007
              ],
              [
                -4.732322384999975,
                52.781854373000044
              ],
              [
                -4.720903354999962,
                52.80281983500004
              ],
              [
                -4.688441890999968,
                52.79385582900005
              ],
              [
                -4.661304788999928,
                52.80615676800005
              ],
              [
                -4.644011051999939,
                52.799834274000034
              ],
              [
                -4.601473079999948,
                52.82494702000008
              ],
              [
                -4.536182921999966,
                52.800280781000026
              ],
              [
                -4.542573628999946,
                52.78648884100005
              ],
              [
                -4.528027866999935,
                52.777702730000044
              ],
              [
                -4.514851019999981,
                52.792966869000054
              ],
              [
                -4.486514945999943,
                52.79481597200004
              ],
              [
                -4.483151373999931,
                52.805137880000075
              ],
              [
                -4.499858318999941,
                52.81227166200006
              ],
              [
                -4.49737609999994,
                52.825658660000045
              ],
              [
                -4.506154359999925,
                52.824974585000064
              ],
              [
                -4.470329033999974,
                52.84782910000007
              ],
              [
                -4.476512578999973,
                52.85767200300006
              ],
              [
                -4.442523877999975,
                52.87565679000005
              ],
              [
                -4.397066937999966,
                52.88229383600003
              ],
              [
                -4.415126037999926,
                52.88523049300005
              ],
              [
                -4.407382474999963,
                52.89173585700007
              ],
              [
                -4.403295489999948,
                52.884175981000055
              ],
              [
                -4.387202854999941,
                52.89585743400005
              ],
              [
                -4.326654125999937,
                52.89195118500004
              ],
              [
                -4.316314129999967,
                52.90869187000004
              ],
              [
                -4.26383517599993,
                52.91059739600007
              ],
              [
                -4.284722826999939,
                52.917152213000065
              ],
              [
                -4.26127609699995,
                52.91089340000008
              ],
              [
                -4.219099442999948,
                52.91910792600004
              ],
              [
                -4.152059404999932,
                52.906361970000034
              ],
              [
                -4.126633177999963,
                52.92911799800004
              ],
              [
                -4.128632865999975,
                52.92190255200006
              ],
              [
                -4.110397653999939,
                52.91997941400007
              ],
              [
                -4.119186991999925,
                52.91897702000006
              ],
              [
                -4.103535416999932,
                52.90893406400005
              ],
              [
                -4.076771612999949,
                52.92274131500005
              ],
              [
                -4.04765853899994,
                52.926879332000055
              ],
              [
                -4.059069913999963,
                52.91600895900007
              ],
              [
                -4.071849833999977,
                52.91703743800008
              ],
              [
                -4.07378534299994,
                52.915224253000076
              ],
              [
                -4.08556369799993,
                52.90318986300008
              ],
              [
                -4.068632719999925,
                52.909541785000044
              ],
              [
                -4.082957758999953,
                52.90024867100004
              ],
              [
                -4.086480176999942,
                52.90196140100005
              ],
              [
                -4.145247562999941,
                52.89374636300005
              ],
              [
                -4.118968096999936,
                52.84795889500003
              ],
              [
                -4.129348848999939,
                52.82696757700006
              ],
              [
                -4.114894343999936,
                52.83209449900005
              ],
              [
                -4.107925399999942,
                52.82664535200007
              ],
              [
                -4.118682216999957,
                52.830289512000036
              ],
              [
                -4.139612084999953,
                52.81546371100006
              ],
              [
                -4.132679583999959,
                52.826023501000066
              ],
              [
                -4.150601073999951,
                52.80827987400005
              ],
              [
                -4.058929985999953,
                52.717819235000036
              ],
              [
                -4.036245643999962,
                52.72106869400005
              ],
              [
                -4.023204308999937,
                52.73610156700005
              ],
              [
                -3.989166997999973,
                52.736076481000055
              ],
              [
                -4.011500369999965,
                52.71313639300007
              ],
              [
                -4.016235495999979,
                52.72061567900005
              ],
              [
                -4.051440428999967,
                52.70376614000003
              ],
              [
                -4.049839094999925,
                52.715395124000054
              ],
              [
                -4.057305592999967,
                52.68731467900005
              ],
              [
                -4.095008826999958,
                52.66838426400005
              ],
              [
                -4.128602301999933,
                52.61173463400007
              ],
              [
                -4.126517532999969,
                52.60740918800008
              ],
              [
                -4.064388853999958,
                52.54140333700008
              ],
              [
                -3.960486899999978,
                52.560666439000045
              ],
              [
                -3.939821049999978,
                52.56069970300007
              ],
              [
                -3.94163249199994,
                52.557954669000026
              ],
              [
                -3.936934647999976,
                52.549688873000036
              ],
              [
                -3.930739702999972,
                52.55330187800007
              ],
              [
                -3.926039370999945,
                52.560777193000035
              ],
              [
                -3.906245567999974,
                52.56080084100006
              ],
              [
                -3.923089778999952,
                52.564922144000036
              ],
              [
                -3.920207362999975,
                52.57394740600006
              ],
              [
                -3.915237825999952,
                52.578404301000035
              ],
              [
                -3.892047644999934,
                52.57694875400006
              ],
              [
                -3.875437842999929,
                52.58348385000005
              ],
              [
                -3.87527136999995,
                52.59292799000008
              ],
              [
                -3.841883788999951,
                52.59985543300007
              ],
              [
                -3.850450079999973,
                52.62063584800006
              ],
              [
                -3.83461416199998,
                52.63305871100005
              ],
              [
                -3.840714224999942,
                52.650902845000076
              ],
              [
                -3.808095763999972,
                52.677945339000075
              ],
              [
                -3.759351730999981,
                52.669446349000054
              ],
              [
                -3.74390757499998,
                52.68130875500003
              ],
              [
                -3.716759869999976,
                52.67877866500004
              ],
              [
                -3.70936777999998,
                52.67108243900003
              ],
              [
                -3.683927824999955,
                52.693857828000034
              ],
              [
                -3.656375177999962,
                52.691372614000045
              ],
              [
                -3.602017324999963,
                52.70498615900004
              ],
              [
                -3.599294480999959,
                52.72588192000006
              ],
              [
                -3.583514290999972,
                52.73862287600008
              ],
              [
                -3.60871325599993,
                52.79402161300004
              ],
              [
                -3.59705846199995,
                52.814053956000066
              ],
              [
                -3.586476332999951,
                52.82771731000008
              ],
              [
                -3.568170390999967,
                52.82289549200004
              ],
              [
                -3.566673071999958,
                52.83007965100006
              ],
              [
                -3.505285638999965,
                52.84195670500003
              ],
              [
                -3.483012584999926,
                52.86545361200007
              ],
              [
                -3.473562329999936,
                52.871267456000055
              ],
              [
                -3.489967881999974,
                52.89578940300004
              ],
              [
                -3.465115615999935,
                52.920269518000055
              ],
              [
                -3.491428599999949,
                52.93368622700007
              ],
              [
                -3.446713474999967,
                52.96323756500004
              ],
              [
                -3.448745427999938,
                52.973827431000075
              ],
              [
                -3.436785661999977,
                52.980848267000056
              ],
              [
                -3.457982,
                52.98488826500005
              ],
              [
                -3.504542016999949,
                52.96535042800008
              ],
              [
                -3.53380866699996,
                52.97368597800005
              ],
              [
                -3.582989863999956,
                52.967537210000046
              ],
              [
                -3.610788512999932,
                52.99601413400006
              ],
              [
                -3.599621697999964,
                53.01169005000003
              ],
              [
                -3.61532154899993,
                53.011350073000074
              ],
              [
                -3.672950141999934,
                52.99705162600003
              ],
              [
                -3.683025785999973,
                52.98684389400006
              ],
              [
                -3.735341977999951,
                52.97985051400008
              ],
              [
                -3.76972273399997,
                52.959304
              ],
              [
                -3.813223974999971,
                52.949371814000074
              ],
              [
                -3.841033674999949,
                52.96229700200007
              ],
              [
                -3.849374710999939,
                52.977324586000066
              ],
              [
                -3.89655980699996,
                52.99489830400006
              ],
              [
                -3.88781081999997,
                53.011588208000035
              ],
              [
                -3.89893634799995,
                53.02056691400003
              ],
              [
                -3.985423610999931,
                53.01065315500006
              ],
              [
                -3.997213771999952,
                53.037651408000045
              ],
              [
                -3.977062228999955,
                53.06893310400005
              ],
              [
                -3.991322973999957,
                53.07649375400007
              ],
              [
                -3.986675055999967,
                53.08420172900003
              ],
              [
                -4.013597704999938,
                53.08970547100006
              ],
              [
                -4.014102881999975,
                53.10355592700006
              ],
              [
                -4.031337846999975,
                53.10564734600007
              ],
              [
                -4.021014033999961,
                53.12458649800004
              ],
              [
                -4.020119321999971,
                53.12482189100007
              ],
              [
                -4.008626310999944,
                53.14268278000003
              ],
              [
                -3.970328903999928,
                53.16018627900007
              ],
              [
                -3.964974955999935,
                53.183390114000076
              ],
              [
                -3.93904738599997,
                53.200111047000064
              ],
              [
                -3.935292817999937,
                53.21487482300006
              ],
              [
                -4.007391191999943,
                53.24692222600004
              ]
            ]
          ],
          [
            [
              [
                -4.780223404999958,
                52.75899011100006
              ],
              [
                -4.779897822999942,
                52.766094560000056
              ],
              [
                -4.793428311999946,
                52.768495761000054
              ],
              [
                -4.801652269999977,
                52.74508144500004
              ],
              [
                -4.780223404999958,
                52.75899011100006
              ]
            ]
          ]
        ]
      }
    },
    {
      "type": "Feature",
      "properties": {
        "shapeName": "Conwy",
        "shapeISO": "",
        "shapeID": "12218062B40661771702351",
        "shapeGroup": "GBR",
        "shapeType": "ADM3"
      },
      "geometry": {
        "type": "Polygon",
        "coordinates": [
          [
            [
              -3.457982,
              52.98488826500005
            ],
            [
              -3.454591597999979,
              52.99792582200007
            ],
            [
              -3.481184489999976,
              53.01852258300005
            ],
            [
              -3.476274943999954,
              53.02642008500004
            ],
            [
              -3.489658327999962,
              53.03785908400005
            ],
            [
              -3.462609330999953,
              53.046211232000076
            ],
            [
              -3.486888140999952,
              53.065923336000026
            ],
            [
              -3.48692916899995,
              53.08404987500006
            ],
            [
              -3.509866746999933,
              53.07635344100004
            ],
            [
              -3.515710412999965,
              53.089799018000065
            ],
            [
              -3.564930869999955,
              53.09465566600005
            ],
            [
              -3.593057771999952,
              53.07845570000006
            ],
            [
              -3.601954279999973,
              53.08750611600004
            ],
            [
              -3.555954217999954,
              53.10666976400006
            ],
            [
              -3.563343206999946,
              53.119484466000074
            ],
            [
              -3.534072028999958,
              53.13994776200008
            ],
            [
              -3.461014047999925,
              53.16499402900007
            ],
            [
              -3.474458809999931,
              53.17637237400004
            ],
            [
              -3.466024692999952,
              53.22078113200007
            ],
            [
              -3.509199932999934,
              53.241645961000074
            ],
            [
              -3.526343539999971,
              53.24042337600008
            ],
            [
              -3.533078708999938,
              53.248869084000034
            ],
            [
              -3.518338204999964,
              53.25637372600005
            ],
            [
              -3.521919533999949,
              53.283392699000046
            ],
            [
              -3.497652556999981,
              53.30076653000003
            ],
            [
              -3.505885201999945,
              53.310348943000065
            ],
            [
              -3.506175280999969,
              53.31068649200006
            ],
            [
              -3.508641130999933,
              53.31355561700008
            ],
            [
              -3.511449923999976,
              53.31682321200003
            ],
            [
              -3.605809006999948,
              53.29083723600007
            ],
            [
              -3.706901650999953,
              53.29373835100006
            ],
            [
              -3.732117836999976,
              53.30036238400004
            ],
            [
              -3.739109890999941,
              53.314135486000055
            ],
            [
              -3.764871920999951,
              53.31884211400006
            ],
            [
              -3.77512268299995,
              53.32830419700008
            ],
            [
              -3.818805156999929,
              53.32279137900008
            ],
            [
              -3.833007213999963,
              53.33802729300004
            ],
            [
              -3.87897070799994,
              53.33945900700007
            ],
            [
              -3.844509684999935,
              53.318967298000075
            ],
            [
              -3.82295152699993,
              53.28043819900006
            ],
            [
              -3.841578923999975,
              53.29549226300003
            ],
            [
              -3.983485962999964,
              53.259471431000065
            ],
            [
              -4.007391191999943,
              53.24692222600004
            ],
            [
              -3.935292817999937,
              53.21487482300006
            ],
            [
              -3.93904738599997,
              53.200111047000064
            ],
            [
              -3.964974955999935,
              53.183390114000076
            ],
            [
              -3.970328903999928,
              53.16018627900007
            ],
            [
              -4.008626310999944,
              53.14268278000003
            ],
            [
              -4.020119321999971,
              53.12482189100007
            ],
            [
              -4.021014033999961,
              53.12458649800004
            ],
            [
              -4.031337846999975,
              53.10564734600007
            ],
            [
              -4.014102881999975,
              53.10355592700006
            ],
            [
              -4.013597704999938,
              53.08970547100006
            ],
            [
              -3.986675055999967,
              53.08420172900003
            ],
            [
              -3.991322973999957,
              53.07649375400007
            ],
            [
              -3.977062228999955,
              53.06893310400005
            ],
            [
              -3.997213771999952,
              53.037651408000045
            ],
            [
              -3.985423610999931,
              53.01065315500006
            ],
            [
              -3.89893634799995,
              53.02056691400003
            ],
            [
              -3.88781081999997,
              53.011588208000035
            ],
            [
              -3.89655980699996,
              52.99489830400006
            ],
            [
              -3.849374710999939,
              52.977324586000066
            ],
            [
              -3.841033674999949,
              52.96229700200007
            ],
            [
              -3.813223974999971,
              52.949371814000074
            ],
            [
              -3.76972273399997,
              52.959304
            ],
            [
              -3.735341977999951,
              52.97985051400008
            ],
            [
              -3.683025785999973,
              52.98684389400006
            ],
            [
              -3.672950141999934,
              52.99705162600003
            ],
            [
              -3.61532154899993,
              53.011350073000074
            ],
            [
              -3.599621697999964,
              53.01169005000003
            ],
            [
              -3.610788512999932,
              52.99601413400006
            ],
            [
              -3.582989863999956,
              52.967537210000046
            ],
            [
              -3.53380866699996,
              52.97368597800005
            ],
            [
              -3.504542016999949,
              52.96535042800008
            ],
            [
              -3.457982,
              52.98488826500005
            ]
          ]
        ]
      }
    },
    {
      "type": "Feature",
      "properties": {
        "shapeName": "Denbighshire",
        "shapeISO": "",
        "shapeID": "12218062B1313475428071",
        "shapeGroup": "GBR",
        "shapeType": "ADM3"
      },
      "geometry": {
        "type": "Polygon",
        "coordinates": [
          [
            [
              -3.483012584999926,
              52.86545361200007
            ],
            [
              -3.467246803999956,
              52.86207776100008
            ],
            [
              -3.388823715999933,
              52.87607010100004
            ],
            [
              -3.375015003999977,
              52.89245342600003
            ],
            [
              -3.348875556999928,
              52.916332426000054
            ],
            [
              -3.353315558999952,
              52.921971702000064
            ],
            [
              -3.324340541999959,
              52.93184397600004
            ],
            [
              -3.31430791799994,
              52.94680145500007
            ],
            [
              -3.297401891999925,
              52.94296696400005
            ],
            [
              -3.237440621999951,
              52.951012640000044
            ],
            [
              -3.197975030999942,
              52.94420626400006
            ],
            [
              -3.096726272999945,
              52.95924776100003
            ],
            [
              -3.110700299999962,
              52.96172493600005
            ],
            [
              -3.09214874099996,
              52.96427560700005
            ],
            [
              -3.090295366999953,
              52.971619356000076
            ],
            [
              -3.111280990999944,
              52.969388611000056
            ],
            [
              -3.105179287999931,
              52.97337230900007
            ],
            [
              -3.122288579999974,
              52.976760166000076
            ],
            [
              -3.120551638999927,
              52.98554513900007
            ],
            [
              -3.148765580999964,
              52.998577098000055
            ],
            [
              -3.130890542999964,
              53.02387640500007
            ],
            [
              -3.147790550999957,
              53.04380727300003
            ],
            [
              -3.129616613999929,
              53.072368105000066
            ],
            [
              -3.151764445999959,
              53.09296279900008
            ],
            [
              -3.145908388999942,
              53.10394973500007
            ],
            [
              -3.176762244999964,
              53.11608651500006
            ],
            [
              -3.182345956999939,
              53.15403713900008
            ],
            [
              -3.208226212999932,
              53.15984349400003
            ],
            [
              -3.24415214499993,
              53.15229809500005
            ],
            [
              -3.271205991999977,
              53.15746605100003
            ],
            [
              -3.280977899999925,
              53.16859015700004
            ],
            [
              -3.275171804999957,
              53.17942119700007
            ],
            [
              -3.307698603999938,
              53.19771445500004
            ],
            [
              -3.304215542999941,
              53.20803136300003
            ],
            [
              -3.317085413999962,
              53.209995062000075
            ],
            [
              -3.322379084999966,
              53.22040928000007
            ],
            [
              -3.304440263999936,
              53.23292391200005
            ],
            [
              -3.333807444999934,
              53.23666279400004
            ],
            [
              -3.36175488799995,
              53.253082661000064
            ],
            [
              -3.329624775999946,
              53.27336726300007
            ],
            [
              -3.357033964999971,
              53.28392768200007
            ],
            [
              -3.356037405999928,
              53.29726961400007
            ],
            [
              -3.375131013999976,
              53.29165369800006
            ],
            [
              -3.394341377999979,
              53.30170759400005
            ],
            [
              -3.381307874999948,
              53.31582714800004
            ],
            [
              -3.400599192999948,
              53.31385740500008
            ],
            [
              -3.393463202999953,
              53.32698294700003
            ],
            [
              -3.388347241999952,
              53.32323285000007
            ],
            [
              -3.369103018999965,
              53.33427508700004
            ],
            [
              -3.363429845999974,
              53.35205842500005
            ],
            [
              -3.480563184999937,
              53.32838003900008
            ],
            [
              -3.503742405999958,
              53.317468930000075
            ],
            [
              -3.503919480999969,
              53.31718426800006
            ],
            [
              -3.506175280999969,
              53.31068649200006
            ],
            [
              -3.505885201999945,
              53.310348943000065
            ],
            [
              -3.497652556999981,
              53.30076653000003
            ],
            [
              -3.521919533999949,
              53.283392699000046
            ],
            [
              -3.518338204999964,
              53.25637372600005
            ],
            [
              -3.533078708999938,
              53.248869084000034
            ],
            [
              -3.526343539999971,
              53.24042337600008
            ],
            [
              -3.509199932999934,
              53.241645961000074
            ],
            [
              -3.466024692999952,
              53.22078113200007
            ],
            [
              -3.474458809999931,
              53.17637237400004
            ],
            [
              -3.461014047999925,
              53.16499402900007
            ],
            [
              -3.534072028999958,
              53.13994776200008
            ],
            [
              -3.563343206999946,
              53.119484466000074
            ],
            [
              -3.555954217999954,
              53.10666976400006
            ],
            [
              -3.601954279999973,
              53.08750611600004
            ],
            [
              -3.593057771999952,
              53.07845570000006
            ],
            [
              -3.564930869999955,
              53.09465566600005
            ],
            [
              -3.515710412999965,
              53.089799018000065
            ],
            [
              -3.509866746999933,
              53.07635344100004
            ],
            [
              -3.48692916899995,
              53.08404987500006
            ],
            [
              -3.486888140999952,
              53.065923336000026
            ],
            [
              -3.462609330999953,
              53.046211232000076
            ],
            [
              -3.489658327999962,
              53.03785908400005
            ],
            [
              -3.476274943999954,
              53.02642008500004
            ],
            [
              -3.481184489999976,
              53.01852258300005
            ],
            [
              -3.454591597999979,
              52.99792582200007
            ],
            [
              -3.457982,
              52.98488826500005
            ],
            [
              -3.436785661999977,
              52.980848267000056
            ],
            [
              -3.448745427999938,
              52.973827431000075
            ],
            [
              -3.446713474999967,
              52.96323756500004
            ],
            [
              -3.491428599999949,
              52.93368622700007
            ],
            [
              -3.465115615999935,
              52.920269518000055
            ],
            [
              -3.489967881999974,
              52.89578940300004
            ],
            [
              -3.473562329999936,
              52.871267456000055
            ],
            [
              -3.483012584999926,
              52.86545361200007
            ]
          ]
        ]
      }
    },
    {
      "type": "Feature",
      "properties": {
        "shapeName": "Flintshire",
        "shapeISO": "",
        "shapeID": "12218062B11700207286638",
        "shapeGroup": "GBR",
        "shapeType": "ADM3"
      },
      "geometry": {
        "type": "MultiPolygon",
        "coordinates": [
          [
            [
              [
                -3.085600610999961,
                53.256638327000076
              ],
              [
                -3.109357374999945,
                53.257607559000064
              ],
              [
                -3.073825338999939,
                53.24200278700005
              ],
              [
                -3.05927279399998,
                53.24574835400006
              ],
              [
                -3.075166412999977,
                53.241083736000064
              ],
              [
                -3.072185953999963,
                53.23537325600006
              ],
              [
                -3.077007445999925,
                53.24273895200008
              ],
              [
                -3.08103787899995,
                53.24470432900006
              ],
              [
                -3.089320750999946,
                53.24473834300005
              ],
              [
                -3.084934807999957,
                53.240234454000074
              ],
              [
                -3.094651899999974,
                53.24482402500007
              ],
              [
                -3.066146293999964,
                53.22713366900007
              ],
              [
                -3.108952149999936,
                53.24091569400008
              ],
              [
                -3.201219293999941,
                53.29361404300005
              ],
              [
                -3.258273729999928,
                53.31455221500005
              ],
              [
                -3.261482496999975,
                53.32614625700006
              ],
              [
                -3.273217766999949,
                53.32066289900007
              ],
              [
                -3.298326504999977,
                53.33208024100003
              ],
              [
                -3.312446129999955,
                53.34231838000005
              ],
              [
                -3.310843449999936,
                53.35557174100006
              ],
              [
                -3.363429845999974,
                53.35205842500005
              ],
              [
                -3.369103018999965,
                53.33427508700004
              ],
              [
                -3.388347241999952,
                53.32323285000007
              ],
              [
                -3.393463202999953,
                53.32698294700003
              ],
              [
                -3.400599192999948,
                53.31385740500008
              ],
              [
                -3.381307874999948,
                53.31582714800004
              ],
              [
                -3.394341377999979,
                53.30170759400005
              ],
              [
                -3.375131013999976,
                53.29165369800006
              ],
              [
                -3.356037405999928,
                53.29726961400007
              ],
              [
                -3.357033964999971,
                53.28392768200007
              ],
              [
                -3.329624775999946,
                53.27336726300007
              ],
              [
                -3.36175488799995,
                53.253082661000064
              ],
              [
                -3.333807444999934,
                53.23666279400004
              ],
              [
                -3.304440263999936,
                53.23292391200005
              ],
              [
                -3.322379084999966,
                53.22040928000007
              ],
              [
                -3.317085413999962,
                53.209995062000075
              ],
              [
                -3.304215542999941,
                53.20803136300003
              ],
              [
                -3.307698603999938,
                53.19771445500004
              ],
              [
                -3.275171804999957,
                53.17942119700007
              ],
              [
                -3.280977899999925,
                53.16859015700004
              ],
              [
                -3.271205991999977,
                53.15746605100003
              ],
              [
                -3.24415214499993,
                53.15229809500005
              ],
              [
                -3.208226212999932,
                53.15984349400003
              ],
              [
                -3.182345956999939,
                53.15403713900008
              ],
              [
                -3.176762244999964,
                53.11608651500006
              ],
              [
                -3.145908388999942,
                53.10394973500007
              ],
              [
                -3.151764445999959,
                53.09296279900008
              ],
              [
                -3.129616613999929,
                53.072368105000066
              ],
              [
                -3.071340563999968,
                53.089610898000046
              ],
              [
                -3.058851017999928,
                53.085332332000064
              ],
              [
                -3.035044735999975,
                53.096794927000076
              ],
              [
                -3.027559647999965,
                53.09297275900008
              ],
              [
                -3.029147765999937,
                53.103515292000054
              ],
              [
                -2.996851920999973,
                53.12993536300007
              ],
              [
                -2.963813291999941,
                53.13275750400004
              ],
              [
                -2.979498191999937,
                53.15062162900006
              ],
              [
                -2.995088479999936,
                53.15419595000003
              ],
              [
                -2.944041261999928,
                53.165247701000055
              ],
              [
                -2.920452108999939,
                53.18219999200005
              ],
              [
                -2.920354242999963,
                53.18295254700007
              ],
              [
                -2.949510268999973,
                53.21127970100008
              ],
              [
                -3.025462463999929,
                53.24831504800005
              ],
              [
                -3.08230948299996,
                53.255469626000036
              ],
              [
                -3.082637754999951,
                53.25558243000006
              ],
              [
                -3.085600610999961,
                53.256638327000076
              ]
            ]
          ],
          [
            [
              [
                -3.101722909999978,
                53.26722088500003
              ],
              [
                -3.112263324999958,
                53.26266531400006
              ],
              [
                -3.095486133999941,
                53.26212738700008
              ],
              [
                -3.101722909999978,
                53.26722088500003
              ]
            ]
          ],
          [
            [
              [
                -3.107245581999962,
                53.27197353400004
              ],
              [
                -3.111344532999965,
                53.26636249900008
              ],
              [
                -3.101722909999978,
                53.26722088500003
              ],
              [
                -3.107245581999962,
                53.27197353400004
              ]
            ]
          ]
        ]
      }
    },
    {
      "type": "Feature",
      "properties": {
        "shapeName": "Wrexham",
        "shapeISO": "",
        "shapeID": "12218062B30667874890626",
        "shapeGroup": "GBR",
        "shapeType": "ADM3"
      },
      "geometry": {
        "type": "Polygon",
        "coordinates": [
          [
            [
              -2.963813291999941,
              53.13275750400004
            ],
            [
              -2.996851920999973,
              53.12993536300007
            ],
            [
              -3.029147765999937,
              53.103515292000054
            ],
            [
              -3.027559647999965,
              53.09297275900008
            ],
            [
              -3.035044735999975,
              53.096794927000076
            ],
            [
              -3.058851017999928,
              53.085332332000064
            ],
            [
              -3.071340563999968,
              53.089610898000046
            ],
            [
              -3.129616613999929,
              53.072368105000066
            ],
            [
              -3.147790550999957,
              53.04380727300003
            ],
            [
              -3.130890542999964,
              53.02387640500007
            ],
            [
              -3.148765580999964,
              52.998577098000055
            ],
            [
              -3.120551638999927,
              52.98554513900007
            ],
            [
              -3.122288579999974,
              52.976760166000076
            ],
            [
              -3.105179287999931,
              52.97337230900007
            ],
            [
              -3.111280990999944,
              52.969388611000056
            ],
            [
              -3.090295366999953,
              52.971619356000076
            ],
            [
              -3.09214874099996,
              52.96427560700005
            ],
            [
              -3.110700299999962,
              52.96172493600005
            ],
            [
              -3.096726272999945,
              52.95924776100003
            ],
            [
              -3.197975030999942,
              52.94420626400006
            ],
            [
              -3.237440621999951,
              52.951012640000044
            ],
            [
              -3.297401891999925,
              52.94296696400005
            ],
            [
              -3.31430791799994,
              52.94680145500007
            ],
            [
              -3.324340541999959,
              52.93184397600004
            ],
            [
              -3.353315558999952,
              52.921971702000064
            ],
            [
              -3.348875556999928,
              52.916332426000054
            ],
            [
              -3.375015003999977,
              52.89245342600003
            ],
            [
              -3.345651171999975,
              52.892540833000055
            ],
            [
              -3.261803242999974,
              52.86660859400007
            ],
            [
              -3.23300329999995,
              52.86701099900006
            ],
            [
              -3.205365121999932,
              52.893129241000054
            ],
            [
              -3.174381994999976,
              52.90157551800007
            ],
            [
              -3.147504115999936,
              52.89016932000004
            ],
            [
              -3.114162344999954,
              52.89397819900006
            ],
            [
              -3.095953390999966,
              52.93028183600006
            ],
            [
              -3.076513340999952,
              52.92547932000008
            ],
            [
              -3.035079616999951,
              52.92948138100007
            ],
            [
              -3.009649667999952,
              52.95619945100003
            ],
            [
              -2.98202252599998,
              52.95919823400004
            ],
            [
              -2.975030167999932,
              52.96898450200007
            ],
            [
              -2.959813494999935,
              52.951169535000076
            ],
            [
              -2.928888837999978,
              52.93867881500006
            ],
            [
              -2.887431489999926,
              52.95252987200007
            ],
            [
              -2.883539553999981,
              52.946639204000064
            ],
            [
              -2.841015132999928,
              52.94262369300003
            ],
            [
              -2.798848063999969,
              52.89575874700006
            ],
            [
              -2.755326631999935,
              52.92462801800008
            ],
            [
              -2.728439538999964,
              52.92530183700006
            ],
            [
              -2.724177681999947,
              52.95712163500008
            ],
            [
              -2.735293738999928,
              52.969946167000046
            ],
            [
              -2.726840788999937,
              52.98327292500005
            ],
            [
              -2.759940345999951,
              52.98641964300003
            ],
            [
              -2.768275526999957,
              52.994860481000046
            ],
            [
              -2.803311147999977,
              52.98959416100007
            ],
            [
              -2.835995753999953,
              52.99715011300003
            ],
            [
              -2.84406218099997,
              53.017668342000036
            ],
            [
              -2.861044462999928,
              53.022848629000066
            ],
            [
              -2.85571523599998,
              53.03725588100008
            ],
            [
              -2.870118085999934,
              53.04536057100006
            ],
            [
              -2.859240559999932,
              53.05425550800004
            ],
            [
              -2.872555009999928,
              53.05861551700008
            ],
            [
              -2.861475237999969,
              53.06066038000006
            ],
            [
              -2.881643753999981,
              53.074392069000055
            ],
            [
              -2.875722426999971,
              53.08152201100006
            ],
            [
              -2.902074134999964,
              53.09203941200008
            ],
            [
              -2.881099576999929,
              53.12160369600008
            ],
            [
              -2.910232500999939,
              53.112638951000065
            ],
            [
              -2.963813291999941,
              53.13275750400004
            ]
          ]
        ]
      }
    },
    {
      "type": "Feature",
      "properties": {
        "shapeName": "Ceredigion",
        "shapeISO": "",
        "shapeID": "12218062B35476315718395",
        "shapeGroup": "GBR",
        "shapeType": "ADM3"
      },
      "geometry": {
        "type": "Polygon",
        "coordinates": [
          [
            [
              -3.94163249199994,
              52.557954669000026
            ],
            [
              -3.949230454999963,
              52.551676228000076
            ],
            [
              -3.955964500999926,
              52.55540081400005
            ],
            [
              -3.984472707999942,
              52.53625959200008
            ],
            [
              -3.966680090999944,
              52.530733190000035
            ],
            [
              -3.997039064999967,
              52.53483890700005
            ],
            [
              -3.985659311999939,
              52.51760442200003
            ],
            [
              -4.00146882699994,
              52.53277340600005
            ],
            [
              -4.039187391999974,
              52.52678527100005
            ],
            [
              -4.041521391999936,
              52.52650612900004
            ],
            [
              -4.056268574999933,
              52.53233482700006
            ],
            [
              -4.051740414999927,
              52.481554205000066
            ],
            [
              -4.068456622999975,
              52.46907000600004
            ],
            [
              -4.091813756999954,
              52.413923272000034
            ],
            [
              -4.090419578999956,
              52.40710359900004
            ],
            [
              -4.092081865999944,
              52.40681160300005
            ],
            [
              -4.140381582999964,
              52.322502255000074
            ],
            [
              -4.207514054999933,
              52.26365852600003
            ],
            [
              -4.32496707699994,
              52.21361352500003
            ],
            [
              -4.350534522999965,
              52.20999190100008
            ],
            [
              -4.362024840999936,
              52.21886107000006
            ],
            [
              -4.377646701999936,
              52.21574442000008
            ],
            [
              -4.428927929999929,
              52.178184885000064
            ],
            [
              -4.454509684999948,
              52.16759156300003
            ],
            [
              -4.466914986999939,
              52.171268104000035
            ],
            [
              -4.470987786999956,
              52.16027841400006
            ],
            [
              -4.518604901999936,
              52.13498729500003
            ],
            [
              -4.54558454499994,
              52.13329433100006
            ],
            [
              -4.567231158999959,
              52.14454108600006
            ],
            [
              -4.58279865399993,
              52.13797268800005
            ],
            [
              -4.640770232999955,
              52.13848364900008
            ],
            [
              -4.686221100999944,
              52.12971156200007
            ],
            [
              -4.688000711999962,
              52.10857822300005
            ],
            [
              -4.688374288999967,
              52.10413834000008
            ],
            [
              -4.688909741999964,
              52.10209527000006
            ],
            [
              -4.68124376999998,
              52.092488341000035
            ],
            [
              -4.683289707999961,
              52.08477510400007
            ],
            [
              -4.672889883999972,
              52.08201373800006
            ],
            [
              -4.670282755999949,
              52.07397426300008
            ],
            [
              -4.68292534699998,
              52.06985240800003
            ],
            [
              -4.667526840999926,
              52.057612635000055
            ],
            [
              -4.647437500999956,
              52.076548854000066
            ],
            [
              -4.644271495999931,
              52.076718079000045
            ],
            [
              -4.643409172999952,
              52.076724315000035
            ],
            [
              -4.636977349999938,
              52.06041661900008
            ],
            [
              -4.633481871999948,
              52.05870388200003
            ],
            [
              -4.624903972999959,
              52.05449978900003
            ],
            [
              -4.607776075999936,
              52.06215284400008
            ],
            [
              -4.570259465999925,
              52.05886941600005
            ],
            [
              -4.559755014999951,
              52.04372650600004
            ],
            [
              -4.544927857999937,
              52.04424377700008
            ],
            [
              -4.541077127999927,
              52.052126487000066
            ],
            [
              -4.535622554999975,
              52.04436084500003
            ],
            [
              -4.501959831999955,
              52.04258608400005
            ],
            [
              -4.487450538999951,
              52.04906972100008
            ],
            [
              -4.463654660999964,
              52.03653745300005
            ],
            [
              -4.448732303999975,
              52.04414540300007
            ],
            [
              -4.411101367999947,
              52.04183716600005
            ],
            [
              -4.398842234999961,
              52.03463518800004
            ],
            [
              -4.384896756999979,
              52.04002172600008
            ],
            [
              -4.350614760999974,
              52.02675611400008
            ],
            [
              -4.334743451999941,
              52.04132957500008
            ],
            [
              -4.305788166999946,
              52.038613145000056
            ],
            [
              -4.301072358999932,
              52.05164296600003
            ],
            [
              -4.288967465999974,
              52.052785192000044
            ],
            [
              -4.282497869999929,
              52.039810318000036
            ],
            [
              -4.23447665599997,
              52.03821467900008
            ],
            [
              -4.205844364999962,
              52.062573402000055
            ],
            [
              -4.191456578999976,
              52.05932595000007
            ],
            [
              -4.16415595899997,
              52.068153048000056
            ],
            [
              -4.158564333999948,
              52.081209942000044
            ],
            [
              -4.147274224999933,
              52.08079672100007
            ],
            [
              -4.158761218999928,
              52.086893014000054
            ],
            [
              -4.144004190999965,
              52.09427078300007
            ],
            [
              -4.100055216999976,
              52.096061071000065
            ],
            [
              -4.058099326999979,
              52.11387892100004
            ],
            [
              -4.018123142999968,
              52.09714429700006
            ],
            [
              -3.940488984999945,
              52.13844785800006
            ],
            [
              -3.906722556999966,
              52.11978761900008
            ],
            [
              -3.860104644999979,
              52.14219629200005
            ],
            [
              -3.794418600999961,
              52.11713831800006
            ],
            [
              -3.786100052999927,
              52.104557439000075
            ],
            [
              -3.758102320999967,
              52.12823432500005
            ],
            [
              -3.74205141799996,
              52.139299393000044
            ],
            [
              -3.752271942999926,
              52.19761400800007
            ],
            [
              -3.74420818699997,
              52.24630453100008
            ],
            [
              -3.753433582999946,
              52.25176056600003
            ],
            [
              -3.731637759999956,
              52.27145069200003
            ],
            [
              -3.70717032899995,
              52.27405754700004
            ],
            [
              -3.733089955999958,
              52.29030411700006
            ],
            [
              -3.727736662999973,
              52.30582614600007
            ],
            [
              -3.74501087799996,
              52.31756574900004
            ],
            [
              -3.705129703999944,
              52.34145457900007
            ],
            [
              -3.658167574999936,
              52.347649113000045
            ],
            [
              -3.685478944999943,
              52.368221248000054
            ],
            [
              -3.697200842999962,
              52.36692953000005
            ],
            [
              -3.712050280999961,
              52.413356400000055
            ],
            [
              -3.771616961999939,
              52.44215242000007
            ],
            [
              -3.766407620999928,
              52.469303585000034
            ],
            [
              -3.744798316999947,
              52.474633245000064
            ],
            [
              -3.733260689999952,
              52.50658954600004
            ],
            [
              -3.812466964999942,
              52.47891146100005
            ],
            [
              -3.826755950999939,
              52.48479397700004
            ],
            [
              -3.843996067999967,
              52.51203923800006
            ],
            [
              -3.84086212099993,
              52.55135476800007
            ],
            [
              -3.859466396999949,
              52.56084358100003
            ],
            [
              -3.906245567999974,
              52.56080084100006
            ],
            [
              -3.926039370999945,
              52.560777193000035
            ],
            [
              -3.930739702999972,
              52.55330187800007
            ],
            [
              -3.936934647999976,
              52.549688873000036
            ],
            [
              -3.94163249199994,
              52.557954669000026
            ]
          ]
        ]
      }
    },
    {
      "type": "Feature",
      "properties": {
        "shapeName": "Pembrokeshire",
        "shapeISO": "",
        "shapeID": "12218062B37980598523092",
        "shapeGroup": "GBR",
        "shapeType": "ADM3"
      },
      "geometry": {
        "type": "MultiPolygon",
        "coordinates": [
          [
            [
              [
                -4.688374288999967,
                52.10413834000008
              ],
              [
                -4.73154158899996,
                52.11786816400007
              ],
              [
                -4.749494150999965,
                52.10398264600008
              ],
              [
                -4.741440391999959,
                52.09863321300003
              ],
              [
                -4.759052270999973,
                52.07677075400005
              ],
              [
                -4.79143068999997,
                52.05845682100005
              ],
              [
                -4.837934832999963,
                52.050335293000046
              ],
              [
                -4.847779513999967,
                52.037716431000035
              ],
              [
                -4.837967311999932,
                52.033419681000055
              ],
              [
                -4.841326635999962,
                52.02475683000006
              ],
              [
                -4.814345247999938,
                52.018526578000035
              ],
              [
                -4.878887283999973,
                52.01902793600004
              ],
              [
                -4.910024182999962,
                52.03489263800003
              ],
              [
                -4.919709527999942,
                52.010098534000065
              ],
              [
                -4.971200102999944,
                52.00152214800005
              ],
              [
                -4.969235462999961,
                51.994931102000066
              ],
              [
                -4.989735095999947,
                52.00070070800007
              ],
              [
                -4.980959897999981,
                52.00515299600005
              ],
              [
                -4.993116871999973,
                52.00406865400004
              ],
              [
                -4.982697560999952,
                52.01469281000004
              ],
              [
                -4.969972792999954,
                52.01270821800006
              ],
              [
                -4.986809455999946,
                52.01605563100003
              ],
              [
                -4.991804613999932,
                52.02603379800007
              ],
              [
                -5.020733820999965,
                52.02035318700007
              ],
              [
                -5.071008191999965,
                52.030306636000034
              ],
              [
                -5.089639365999972,
                52.01532524600003
              ],
              [
                -5.072581568999965,
                52.00396268500003
              ],
              [
                -5.09565762699998,
                51.99362764000006
              ],
              [
                -5.079911995999964,
                51.98535452800007
              ],
              [
                -5.085797072999981,
                51.96823486000005
              ],
              [
                -5.104325822999954,
                51.96932364200006
              ],
              [
                -5.107113692999974,
                51.96118125100003
              ],
              [
                -5.146791710999935,
                51.961495651000064
              ],
              [
                -5.154064968999933,
                51.94829693600008
              ],
              [
                -5.196417943999961,
                51.95061065400006
              ],
              [
                -5.21013641899998,
                51.93223351600005
              ],
              [
                -5.236249006999969,
                51.92950655700008
              ],
              [
                -5.259161456999948,
                51.91484438800006
              ],
              [
                -5.305538933999969,
                51.90830233400004
              ],
              [
                -5.314589946999945,
                51.90201378000006
              ],
              [
                -5.303776458999948,
                51.90366503200005
              ],
              [
                -5.295851956999968,
                51.893320783000036
              ],
              [
                -5.316124161999937,
                51.88468537400007
              ],
              [
                -5.307332810999981,
                51.87478026700006
              ],
              [
                -5.319818988999941,
                51.861624634000066
              ],
              [
                -5.297560070999964,
                51.86610302200006
              ],
              [
                -5.296280301999957,
                51.86074554000004
              ],
              [
                -5.282555543999933,
                51.87023179600004
              ],
              [
                -5.245795313999963,
                51.87351043500007
              ],
              [
                -5.198289634999981,
                51.86728663300005
              ],
              [
                -5.189318538999942,
                51.87389039300007
              ],
              [
                -5.194625435999967,
                51.86718731000008
              ],
              [
                -5.17950327899996,
                51.867246496000064
              ],
              [
                -5.181593219999968,
                51.86104876400003
              ],
              [
                -5.137780290999956,
                51.86391419700004
              ],
              [
                -5.123121217999937,
                51.85191558200006
              ],
              [
                -5.102886646999934,
                51.81005301300007
              ],
              [
                -5.107647421999957,
                51.77417611700008
              ],
              [
                -5.11858179799998,
                51.76825585600005
              ],
              [
                -5.160298912999963,
                51.77212765400003
              ],
              [
                -5.186109833999978,
                51.753627806000054
              ],
              [
                -5.203185319999932,
                51.75557246100004
              ],
              [
                -5.210865948999981,
                51.73391516000004
              ],
              [
                -5.254023878999931,
                51.73818562800005
              ],
              [
                -5.23934332999994,
                51.72556476200003
              ],
              [
                -5.212209902999973,
                51.72296736800007
              ],
              [
                -5.203665155999943,
                51.71175176300005
              ],
              [
                -5.187186419999932,
                51.708862441000065
              ],
              [
                -5.18827956299998,
                51.68991446300004
              ],
              [
                -5.175602785999956,
                51.68030838000004
              ],
              [
                -5.157318138999926,
                51.68797462200007
              ],
              [
                -5.158125360999975,
                51.70172116100008
              ],
              [
                -5.149617749999948,
                51.702366389000076
              ],
              [
                -5.168518894999977,
                51.70677731600006
              ],
              [
                -5.169999486999927,
                51.73096669100005
              ],
              [
                -5.15654436799997,
                51.71282684700003
              ],
              [
                -5.124584556999935,
                51.71743557700006
              ],
              [
                -5.115908456999932,
                51.71037611500003
              ],
              [
                -5.105257281999968,
                51.73607641800004
              ],
              [
                -5.093024416999981,
                51.74046735700006
              ],
              [
                -5.105134340999939,
                51.723588222000046
              ],
              [
                -5.084975325999949,
                51.706291828000076
              ],
              [
                -5.02267595099994,
                51.70792904000007
              ],
              [
                -5.013887353999962,
                51.71717550400007
              ],
              [
                -5.019500408999932,
                51.70667905700003
              ],
              [
                -4.984992809999937,
                51.69936865600005
              ],
              [
                -4.943231731999958,
                51.70523759300005
              ],
              [
                -4.976759901999969,
                51.68813030900003
              ],
              [
                -4.973495220999951,
                51.67890143800008
              ],
              [
                -4.98125959999993,
                51.689134239000055
              ],
              [
                -5.007489091999958,
                51.68732049000005
              ],
              [
                -5.027561311999932,
                51.69503251800006
              ],
              [
                -5.051184724999928,
                51.69387239200006
              ],
              [
                -5.046552844999951,
                51.67624684400005
              ],
              [
                -5.073894898999981,
                51.67785396900007
              ],
              [
                -5.088136316999964,
                51.68469648900003
              ],
              [
                -5.075565328999971,
                51.688001041000064
              ],
              [
                -5.105005449999965,
                51.692105807000075
              ],
              [
                -5.125672239999972,
                51.68162129900003
              ],
              [
                -5.123374665999961,
                51.67119659100007
              ],
              [
                -5.06507148299994,
                51.663390106000065
              ],
              [
                -5.050069724999958,
                51.63994372800005
              ],
              [
                -5.059410563999961,
                51.620602605000045
              ],
              [
                -5.007589941999925,
                51.60856940900004
              ],
              [
                -4.975448105999931,
                51.61033903500004
              ],
              [
                -4.948348094999972,
                51.597011165000026
              ],
              [
                -4.923436915999957,
                51.59720159200003
              ],
              [
                -4.922998100999962,
                51.61143108200008
              ],
              [
                -4.896433990999981,
                51.610125448000076
              ],
              [
                -4.898650362999945,
                51.627151542000036
              ],
              [
                -4.861772393999956,
                51.63872457700006
              ],
              [
                -4.860789334999936,
                51.64710805300007
              ],
              [
                -4.812879539999926,
                51.645130763000054
              ],
              [
                -4.781178831999966,
                51.634929112000066
              ],
              [
                -4.777117287999943,
                51.642429907000064
              ],
              [
                -4.755939831999967,
                51.64400634400005
              ],
              [
                -4.756851240999936,
                51.65368368600008
              ],
              [
                -4.711140868999962,
                51.65175276600007
              ],
              [
                -4.714280946999963,
                51.65878500900004
              ],
              [
                -4.693354069999941,
                51.67195953000004
              ],
              [
                -4.701873276999947,
                51.67454325600005
              ],
              [
                -4.697201792999977,
                51.68629052400007
              ],
              [
                -4.680244356999935,
                51.69728134700006
              ],
              [
                -4.696570012999928,
                51.71272266300008
              ],
              [
                -4.676272887999971,
                51.72715604700005
              ],
              [
                -4.632852199999945,
                51.735198353000044
              ],
              [
                -4.622582243999943,
                51.76812548700008
              ],
              [
                -4.643970356999944,
                51.77652098200008
              ],
              [
                -4.63411926699996,
                51.78501356800007
              ],
              [
                -4.644594020999932,
                51.79727450400003
              ],
              [
                -4.616940627999952,
                51.811614631000054
              ],
              [
                -4.645792639999968,
                51.83133946300006
              ],
              [
                -4.704262966999977,
                51.839120269000034
              ],
              [
                -4.708618269999931,
                51.84726785400005
              ],
              [
                -4.694102174999955,
                51.85962008000007
              ],
              [
                -4.706713670999932,
                51.88887826200005
              ],
              [
                -4.723103565999963,
                51.89569828700007
              ],
              [
                -4.71353827799993,
                51.899237923000044
              ],
              [
                -4.713428058999966,
                51.915785533000076
              ],
              [
                -4.667889622999951,
                51.93407838500008
              ],
              [
                -4.635610990999965,
                51.91859567200004
              ],
              [
                -4.599954134999962,
                51.94093024000006
              ],
              [
                -4.577685483999971,
                51.93191445000008
              ],
              [
                -4.541549693999968,
                51.95655063500004
              ],
              [
                -4.493310708999957,
                51.96130977200005
              ],
              [
                -4.487111445999972,
                51.98868330400006
              ],
              [
                -4.512274710999975,
                51.994913506000046
              ],
              [
                -4.523012437999967,
                52.011251695000055
              ],
              [
                -4.546398388999933,
                52.01905783300003
              ],
              [
                -4.559755014999951,
                52.04372650600004
              ],
              [
                -4.570259465999925,
                52.05886941600005
              ],
              [
                -4.607776075999936,
                52.06215284400008
              ],
              [
                -4.624903972999959,
                52.05449978900003
              ],
              [
                -4.633481871999948,
                52.05870388200003
              ],
              [
                -4.636977349999938,
                52.06041661900008
              ],
              [
                -4.643409172999952,
                52.076724315000035
              ],
              [
                -4.644271495999931,
                52.076718079000045
              ],
              [
                -4.647437500999956,
                52.076548854000066
              ],
              [
                -4.667526840999926,
                52.057612635000055
              ],
              [
                -4.68292534699998,
                52.06985240800003
              ],
              [
                -4.670282755999949,
                52.07397426300008
              ],
              [
                -4.672889883999972,
                52.08201373800006
              ],
              [
                -4.683289707999961,
                52.08477510400007
              ],
              [
                -4.68124376999998,
                52.092488341000035
              ],
              [
                -4.688909741999964,
                52.10209527000006
              ],
              [
                -4.688374288999967,
                52.10413834000008
              ]
            ]
          ],
          [
            [
              [
                -5.299711155999944,
                51.744961974000034
              ],
              [
                -5.313199569999938,
                51.73979505900007
              ],
              [
                -5.310795560999964,
                51.73271772100003
              ],
              [
                -5.293036375999975,
                51.72831884900006
              ],
              [
                -5.281419341999936,
                51.73674638500006
              ],
              [
                -5.280277329999933,
                51.73176118400005
              ],
              [
                -5.269260294999981,
                51.73467778500003
              ],
              [
                -5.299711155999944,
                51.744961974000034
              ]
            ]
          ],
          [
            [
              [
                -5.329810714999951,
                51.87770306900006
              ],
              [
                -5.338528588999964,
                51.879132293000055
              ],
              [
                -5.353370971999937,
                51.86376699400006
              ],
              [
                -5.333360007999943,
                51.853751497000076
              ],
              [
                -5.329810714999951,
                51.87770306900006
              ]
            ]
          ],
          [
            [
              [
                -4.67467094999995,
                51.63772662700006
              ],
              [
                -4.702205299999946,
                51.64227708700008
              ],
              [
                -4.70951503699996,
                51.64217691200008
              ],
              [
                -4.703471696999941,
                51.632024896000075
              ],
              [
                -4.684056808999969,
                51.62991543000004
              ],
              [
                -4.67467094999995,
                51.63772662700006
              ]
            ]
          ],
          [
            [
              [
                -5.27009352999994,
                51.69596082800007
              ],
              [
                -5.264650281999934,
                51.70183565500008
              ],
              [
                -5.273991357999932,
                51.70349764500003
              ],
              [
                -5.288147991999949,
                51.69338221600003
              ],
              [
                -5.27009352999994,
                51.69596082800007
              ]
            ]
          ]
        ]
      }
    },
    {
      "type": "Feature",
      "properties": {
        "shapeName": "Carmarthenshire",
        "shapeISO": "",
        "shapeID": "12218062B47917530734903",
        "shapeGroup": "GBR",
        "shapeType": "ADM3"
      },
      "geometry": {
        "type": "Polygon",
        "coordinates": [
          [
            [
              -4.559755014999951,
              52.04372650600004
            ],
            [
              -4.546398388999933,
              52.01905783300003
            ],
            [
              -4.523012437999967,
              52.011251695000055
            ],
            [
              -4.512274710999975,
              51.994913506000046
            ],
            [
              -4.487111445999972,
              51.98868330400006
            ],
            [
              -4.493310708999957,
              51.96130977200005
            ],
            [
              -4.541549693999968,
              51.95655063500004
            ],
            [
              -4.577685483999971,
              51.93191445000008
            ],
            [
              -4.599954134999962,
              51.94093024000006
            ],
            [
              -4.635610990999965,
              51.91859567200004
            ],
            [
              -4.667889622999951,
              51.93407838500008
            ],
            [
              -4.713428058999966,
              51.915785533000076
            ],
            [
              -4.71353827799993,
              51.899237923000044
            ],
            [
              -4.723103565999963,
              51.89569828700007
            ],
            [
              -4.706713670999932,
              51.88887826200005
            ],
            [
              -4.694102174999955,
              51.85962008000007
            ],
            [
              -4.708618269999931,
              51.84726785400005
            ],
            [
              -4.704262966999977,
              51.839120269000034
            ],
            [
              -4.645792639999968,
              51.83133946300006
            ],
            [
              -4.616940627999952,
              51.811614631000054
            ],
            [
              -4.644594020999932,
              51.79727450400003
            ],
            [
              -4.63411926699996,
              51.78501356800007
            ],
            [
              -4.643970356999944,
              51.77652098200008
            ],
            [
              -4.622582243999943,
              51.76812548700008
            ],
            [
              -4.632852199999945,
              51.735198353000044
            ],
            [
              -4.578699558999972,
              51.734274166000034
            ],
            [
              -4.559023856999943,
              51.74198256900007
            ],
            [
              -4.463219411999944,
              51.73168345300007
            ],
            [
              -4.423660112999926,
              51.74073455400003
            ],
            [
              -4.417782485999965,
              51.74529157400008
            ],
            [
              -4.458987864999926,
              51.76045884700005
            ],
            [
              -4.462752422999927,
              51.76912118200005
            ],
            [
              -4.448880126999939,
              51.77011360500006
            ],
            [
              -4.40383185099995,
              51.75727569900005
            ],
            [
              -4.363463562999925,
              51.79650145200003
            ],
            [
              -4.326464427999952,
              51.801351468000064
            ],
            [
              -4.32401613299993,
              51.801520854000046
            ],
            [
              -4.366130106999947,
              51.78718502000004
            ],
            [
              -4.376045411999939,
              51.753876449000074
            ],
            [
              -4.365554839999959,
              51.73792000600008
            ],
            [
              -4.321711405999963,
              51.73449422200008
            ],
            [
              -4.295456505999937,
              51.74188403100004
            ],
            [
              -4.325023640999973,
              51.73189725100008
            ],
            [
              -4.301949386999979,
              51.72613211200007
            ],
            [
              -4.309791046999976,
              51.72145125000003
            ],
            [
              -4.315011925999954,
              51.72626034400008
            ],
            [
              -4.314847265999958,
              51.71921230500004
            ],
            [
              -4.321780544999967,
              51.72465650500004
            ],
            [
              -4.322490655999957,
              51.71658747100008
            ],
            [
              -4.323845726999934,
              51.72409674800008
            ],
            [
              -4.336464528999954,
              51.717510925000056
            ],
            [
              -4.335443593999969,
              51.72309690900005
            ],
            [
              -4.356209694999961,
              51.721824353000045
            ],
            [
              -4.356595036999977,
              51.72414753900006
            ],
            [
              -4.357515655999975,
              51.72969667500007
            ],
            [
              -4.362985321999929,
              51.724668492000035
            ],
            [
              -4.360545836999961,
              51.73029050900004
            ],
            [
              -4.379926025999964,
              51.732137848000036
            ],
            [
              -4.348323975999961,
              51.69510656700004
            ],
            [
              -4.291235789999973,
              51.66765184700006
            ],
            [
              -4.264204501999927,
              51.67330308500004
            ],
            [
              -4.289087035999955,
              51.67695028000003
            ],
            [
              -4.215441419999934,
              51.68531424300005
            ],
            [
              -4.182338810999966,
              51.68072524000007
            ],
            [
              -4.170069334999937,
              51.66542933100004
            ],
            [
              -4.168588734999958,
              51.68081265500007
            ],
            [
              -4.167608930999961,
              51.66406737800003
            ],
            [
              -4.146162501999925,
              51.65468200500004
            ],
            [
              -4.133212868999976,
              51.66537969700005
            ],
            [
              -4.12942525099993,
              51.65794222800008
            ],
            [
              -4.081683402999943,
              51.66389516500004
            ],
            [
              -4.089659068999936,
              51.67169951500006
            ],
            [
              -4.081345662999979,
              51.674904361000074
            ],
            [
              -4.080489891999946,
              51.66968878000006
            ],
            [
              -4.081643049999968,
              51.68880384000005
            ],
            [
              -4.067327231999968,
              51.69065741000003
            ],
            [
              -4.071778432999963,
              51.699056418000055
            ],
            [
              -4.053233013999943,
              51.70090457300006
            ],
            [
              -4.056323714999962,
              51.71319652200003
            ],
            [
              -4.04400084699995,
              51.70668101100006
            ],
            [
              -4.049657562999926,
              51.71204597000008
            ],
            [
              -4.044167825999978,
              51.736117713000056
            ],
            [
              -4.034459745999925,
              51.73564231900008
            ],
            [
              -4.001593974999935,
              51.762613345000034
            ],
            [
              -3.999804324999957,
              51.77415145200007
            ],
            [
              -3.965190344999939,
              51.76370506900008
            ],
            [
              -3.936504776999925,
              51.77135539900007
            ],
            [
              -3.918424748999939,
              51.77530110100008
            ],
            [
              -3.887206000999925,
              51.76879791400006
            ],
            [
              -3.882096461999936,
              51.78790481800007
            ],
            [
              -3.899882169999955,
              51.80363110700006
            ],
            [
              -3.86545631499996,
              51.810346518000074
            ],
            [
              -3.818578239999965,
              51.80234794800003
            ],
            [
              -3.80669065099994,
              51.78795226200003
            ],
            [
              -3.772645667999939,
              51.84602229400008
            ],
            [
              -3.713837574999957,
              51.887125565000076
            ],
            [
              -3.71368289399993,
              51.90593625300005
            ],
            [
              -3.727518171999975,
              51.91051414800006
            ],
            [
              -3.720936633999941,
              51.94131155900004
            ],
            [
              -3.699906608999925,
              51.946088821000046
            ],
            [
              -3.711203688999944,
              51.96187933900006
            ],
            [
              -3.670016789999977,
              52.00421317400003
            ],
            [
              -3.668272397999942,
              52.02543230800006
            ],
            [
              -3.647136665999938,
              52.03878917700007
            ],
            [
              -3.679049998999972,
              52.060612
            ],
            [
              -3.667131212999948,
              52.07429924200005
            ],
            [
              -3.723095509999951,
              52.085214249000046
            ],
            [
              -3.72879957899994,
              52.09398306200006
            ],
            [
              -3.714076562999935,
              52.10497091000008
            ],
            [
              -3.720319191999977,
              52.11750157700004
            ],
            [
              -3.758102320999967,
              52.12823432500005
            ],
            [
              -3.786100052999927,
              52.104557439000075
            ],
            [
              -3.794418600999961,
              52.11713831800006
            ],
            [
              -3.860104644999979,
              52.14219629200005
            ],
            [
              -3.906722556999966,
              52.11978761900008
            ],
            [
              -3.940488984999945,
              52.13844785800006
            ],
            [
              -4.018123142999968,
              52.09714429700006
            ],
            [
              -4.058099326999979,
              52.11387892100004
            ],
            [
              -4.100055216999976,
              52.096061071000065
            ],
            [
              -4.144004190999965,
              52.09427078300007
            ],
            [
              -4.158761218999928,
              52.086893014000054
            ],
            [
              -4.147274224999933,
              52.08079672100007
            ],
            [
              -4.158564333999948,
              52.081209942000044
            ],
            [
              -4.16415595899997,
              52.068153048000056
            ],
            [
              -4.191456578999976,
              52.05932595000007
            ],
            [
              -4.205844364999962,
              52.062573402000055
            ],
            [
              -4.23447665599997,
              52.03821467900008
            ],
            [
              -4.282497869999929,
              52.039810318000036
            ],
            [
              -4.288967465999974,
              52.052785192000044
            ],
            [
              -4.301072358999932,
              52.05164296600003
            ],
            [
              -4.305788166999946,
              52.038613145000056
            ],
            [
              -4.334743451999941,
              52.04132957500008
            ],
            [
              -4.350614760999974,
              52.02675611400008
            ],
            [
              -4.384896756999979,
              52.04002172600008
            ],
            [
              -4.398842234999961,
              52.03463518800004
            ],
            [
              -4.411101367999947,
              52.04183716600005
            ],
            [
              -4.448732303999975,
              52.04414540300007
            ],
            [
              -4.463654660999964,
              52.03653745300005
            ],
            [
              -4.487450538999951,
              52.04906972100008
            ],
            [
              -4.501959831999955,
              52.04258608400005
            ],
            [
              -4.535622554999975,
              52.04436084500003
            ],
            [
              -4.541077127999927,
              52.052126487000066
            ],
            [
              -4.544927857999937,
              52.04424377700008
            ],
            [
              -4.559755014999951,
              52.04372650600004
            ]
          ]
        ]
      }
    },
    {
      "type": "Feature",
      "properties": {
        "shapeName": "Swansea",
        "shapeISO": "",
        "shapeID": "12218062B97229664860274",
        "shapeGroup": "GBR",
        "shapeType": "ADM3"
      },
      "geometry": {
        "type": "Polygon",
        "coordinates": [
          [
            [
              -4.049657562999926,
              51.71204597000008
            ],
            [
              -4.04327873799997,
              51.706476457000065
            ],
            [
              -4.04365028199993,
              51.70623368100007
            ],
            [
              -4.053689838999958,
              51.70890272500003
            ],
            [
              -4.051394819999928,
              51.69984502500006
            ],
            [
              -4.069227834999936,
              51.67983452300007
            ],
            [
              -4.077162271999953,
              51.68204959600007
            ],
            [
              -4.062432478999938,
              51.67265653100003
            ],
            [
              -4.081327897999927,
              51.662099426000054
            ],
            [
              -4.048567810999941,
              51.65569809700003
            ],
            [
              -4.105397054999969,
              51.65265429100003
            ],
            [
              -4.116332734999958,
              51.64471954900006
            ],
            [
              -4.087179049999975,
              51.64798227800003
            ],
            [
              -4.137446973999943,
              51.64212132600005
            ],
            [
              -4.132975556999952,
              51.63249407100005
            ],
            [
              -4.158473350999941,
              51.63431586200005
            ],
            [
              -4.15472634799994,
              51.62779747700006
            ],
            [
              -4.164327257999958,
              51.62818116500006
            ],
            [
              -4.155700502999935,
              51.626553872000045
            ],
            [
              -4.16414778799998,
              51.627962325000055
            ],
            [
              -4.158875992999981,
              51.62423476100008
            ],
            [
              -4.173201003999964,
              51.61612599100005
            ],
            [
              -4.165891747999979,
              51.62817389200006
            ],
            [
              -4.192046984999934,
              51.62413621700006
            ],
            [
              -4.18779501399996,
              51.616960093000046
            ],
            [
              -4.197784810999963,
              51.62232199600004
            ],
            [
              -4.186362741999972,
              51.62671252200005
            ],
            [
              -4.217683819999934,
              51.63555560300006
            ],
            [
              -4.208896090999929,
              51.624930868000035
            ],
            [
              -4.219549866999955,
              51.63154923500008
            ],
            [
              -4.224650143999952,
              51.627694510000026
            ],
            [
              -4.22090706399996,
              51.62548757700006
            ],
            [
              -4.212962354999945,
              51.62416811800006
            ],
            [
              -4.205537368999956,
              51.61642200400007
            ],
            [
              -4.222292653999943,
              51.62571763200003
            ],
            [
              -4.225374618999979,
              51.62622927700005
            ],
            [
              -4.223723018999976,
              51.62096821800003
            ],
            [
              -4.228712427999938,
              51.63036031100006
            ],
            [
              -4.233888299999933,
              51.62285615900004
            ],
            [
              -4.23226412799994,
              51.63150408400003
            ],
            [
              -4.245560354999952,
              51.61798939800008
            ],
            [
              -4.232530137999959,
              51.64224567000008
            ],
            [
              -4.242466114999957,
              51.64635212500008
            ],
            [
              -4.230599703999928,
              51.64773655400006
            ],
            [
              -4.24550365999994,
              51.64758902600005
            ],
            [
              -4.279650730999947,
              51.615911270000026
            ],
            [
              -4.309206398999947,
              51.60961836000007
            ],
            [
              -4.28900626899997,
              51.57635094700004
            ],
            [
              -4.308160783999938,
              51.563021571000036
            ],
            [
              -4.278818200999979,
              51.56150306700005
            ],
            [
              -4.210784191999949,
              51.53714864400007
            ],
            [
              -4.194805961999975,
              51.54826431500004
            ],
            [
              -4.152595115999929,
              51.54097128400008
            ],
            [
              -4.156439668999951,
              51.561949963000075
            ],
            [
              -4.103714044999947,
              51.57777406800005
            ],
            [
              -4.111325140999952,
              51.56994953100008
            ],
            [
              -4.064351809999948,
              51.557254915000044
            ],
            [
              -4.034994105999942,
              51.57010671000006
            ],
            [
              -4.024328842999978,
              51.563149327000076
            ],
            [
              -4.010553156999947,
              51.56815660500007
            ],
            [
              -3.980893193999975,
              51.564720832000035
            ],
            [
              -3.976523036999936,
              51.56875139600004
            ],
            [
              -4.000582893999933,
              51.580034054000066
            ],
            [
              -3.993900370999938,
              51.598697306000076
            ],
            [
              -3.95834330699995,
              51.61218527600005
            ],
            [
              -3.929095780999944,
              51.61344594900004
            ],
            [
              -3.928763042999947,
              51.60819554500006
            ],
            [
              -3.928732900999933,
              51.61346154200004
            ],
            [
              -3.929302874999962,
              51.61671300100005
            ],
            [
              -3.926930296999956,
              51.606369105000056
            ],
            [
              -3.88623341999994,
              51.61753713200005
            ],
            [
              -3.875242296999943,
              51.657546231000026
            ],
            [
              -3.842743349999978,
              51.69736931700004
            ],
            [
              -3.876022883999951,
              51.70396049200008
            ],
            [
              -3.888506274999941,
              51.73908617700005
            ],
            [
              -3.936504776999925,
              51.77135539900007
            ],
            [
              -3.965190344999939,
              51.76370506900008
            ],
            [
              -3.999804324999957,
              51.77415145200007
            ],
            [
              -4.001593974999935,
              51.762613345000034
            ],
            [
              -4.034459745999925,
              51.73564231900008
            ],
            [
              -4.044167825999978,
              51.736117713000056
            ],
            [
              -4.049657562999926,
              51.71204597000008
            ]
          ]
        ]
      }
    },
    {
      "type": "Feature",
      "properties": {
        "shapeName": "Neath Port Talbot",
        "shapeISO": "",
        "shapeID": "12218062B63211403572110",
        "shapeGroup": "GBR",
        "shapeType": "ADM3"
      },
      "geometry": {
        "type": "Polygon",
        "coordinates": [
          [
            [
              -3.936504776999925,
              51.77135539900007
            ],
            [
              -3.888506274999941,
              51.73908617700005
            ],
            [
              -3.876022883999951,
              51.70396049200008
            ],
            [
              -3.842743349999978,
              51.69736931700004
            ],
            [
              -3.875242296999943,
              51.657546231000026
            ],
            [
              -3.88623341999994,
              51.61753713200005
            ],
            [
              -3.836940482999978,
              51.623658083000066
            ],
            [
              -3.850826191999943,
              51.614466124000046
            ],
            [
              -3.811876298999948,
              51.58350304100003
            ],
            [
              -3.790709894999964,
              51.59298279500007
            ],
            [
              -3.817039192999971,
              51.57962297500006
            ],
            [
              -3.802232505999939,
              51.58188483300006
            ],
            [
              -3.797937196999953,
              51.57113561300008
            ],
            [
              -3.817400791999944,
              51.574322091000056
            ],
            [
              -3.797195728999952,
              51.569279522000045
            ],
            [
              -3.789265998999952,
              51.569714763000036
            ],
            [
              -3.763005275999944,
              51.53651125600004
            ],
            [
              -3.703127588999962,
              51.527165781000065
            ],
            [
              -3.687803290999966,
              51.537434647000055
            ],
            [
              -3.65661330699993,
              51.539171442000054
            ],
            [
              -3.655287704999978,
              51.56483381000004
            ],
            [
              -3.694420208999929,
              51.59426683800007
            ],
            [
              -3.691121471999963,
              51.60351897900006
            ],
            [
              -3.676738813999975,
              51.60132431300008
            ],
            [
              -3.68071041099995,
              51.62191209100007
            ],
            [
              -3.665701358999968,
              51.64115274100004
            ],
            [
              -3.595719821999978,
              51.63772875600006
            ],
            [
              -3.563310393999927,
              51.64548476400006
            ],
            [
              -3.589585148999959,
              51.679272413000035
            ],
            [
              -3.57864597899993,
              51.717880749000074
            ],
            [
              -3.591293184999927,
              51.75461194400003
            ],
            [
              -3.603431046999958,
              51.77384642200008
            ],
            [
              -3.670366104999971,
              51.78719819500003
            ],
            [
              -3.72791067299994,
              51.77620661200007
            ],
            [
              -3.746090871999968,
              51.75339220700005
            ],
            [
              -3.770320615999935,
              51.75452160700007
            ],
            [
              -3.80669065099994,
              51.78795226200003
            ],
            [
              -3.818578239999965,
              51.80234794800003
            ],
            [
              -3.86545631499996,
              51.810346518000074
            ],
            [
              -3.899882169999955,
              51.80363110700006
            ],
            [
              -3.882096461999936,
              51.78790481800007
            ],
            [
              -3.887206000999925,
              51.76879791400006
            ],
            [
              -3.918424748999939,
              51.77530110100008
            ],
            [
              -3.936504776999925,
              51.77135539900007
            ]
          ]
        ]
      }
    },
    {
      "type": "Feature",
      "properties": {
        "shapeName": "Bridgend",
        "shapeISO": "",
        "shapeID": "12218062B98801546677006",
        "shapeGroup": "GBR",
        "shapeType": "ADM3"
      },
      "geometry": {
        "type": "Polygon",
        "coordinates": [
          [
            [
              -3.763005275999944,
              51.53651125600004
            ],
            [
              -3.749422739999943,
              51.50404718800007
            ],
            [
              -3.720828766999944,
              51.47968170900003
            ],
            [
              -3.699723677999941,
              51.47300609300004
            ],
            [
              -3.698815463999949,
              51.47801561800003
            ],
            [
              -3.679836953999938,
              51.47317949600006
            ],
            [
              -3.658918824999944,
              51.48004593700006
            ],
            [
              -3.638323125999932,
              51.46993048100006
            ],
            [
              -3.619630502999939,
              51.47661959800007
            ],
            [
              -3.554761101999929,
              51.49277339200006
            ],
            [
              -3.532850415999974,
              51.481605638000076
            ],
            [
              -3.539449918999935,
              51.49103127500007
            ],
            [
              -3.527611262999926,
              51.49368419000007
            ],
            [
              -3.529609798999957,
              51.501363628000036
            ],
            [
              -3.497512381999968,
              51.512642035000056
            ],
            [
              -3.463025047999963,
              51.54341198100008
            ],
            [
              -3.488732243999948,
              51.57424280100008
            ],
            [
              -3.476467354999954,
              51.581636253000056
            ],
            [
              -3.472526233999929,
              51.601269853000076
            ],
            [
              -3.510021535999954,
              51.618140726000036
            ],
            [
              -3.537638452999943,
              51.644133226000065
            ],
            [
              -3.563310393999927,
              51.64548476400006
            ],
            [
              -3.595719821999978,
              51.63772875600006
            ],
            [
              -3.665701358999968,
              51.64115274100004
            ],
            [
              -3.68071041099995,
              51.62191209100007
            ],
            [
              -3.676738813999975,
              51.60132431300008
            ],
            [
              -3.691121471999963,
              51.60351897900006
            ],
            [
              -3.694420208999929,
              51.59426683800007
            ],
            [
              -3.655287704999978,
              51.56483381000004
            ],
            [
              -3.65661330699993,
              51.539171442000054
            ],
            [
              -3.687803290999966,
              51.537434647000055
            ],
            [
              -3.703127588999962,
              51.527165781000065
            ],
            [
              -3.763005275999944,
              51.53651125600004
            ]
          ]
        ]
      }
    },
    {
      "type": "Feature",
      "properties": {
        "shapeName": "Vale of Glamorgan",
        "shapeISO": "",
        "shapeID": "12218062B64019466402989",
        "shapeGroup": "GBR",
        "shapeType": "ADM3"
      },
      "geometry": {
        "type": "Polygon",
        "coordinates": [
          [
            [
              -3.619630502999939,
              51.47661959800007
            ],
            [
              -3.640976213999977,
              51.46227075000007
            ],
            [
              -3.596790554999927,
              51.44102427100006
            ],
            [
              -3.558961408999949,
              51.40132628400005
            ],
            [
              -3.415257263999933,
              51.38777542100007
            ],
            [
              -3.405593344999943,
              51.381000104000066
            ],
            [
              -3.396586783999965,
              51.38236238500008
            ],
            [
              -3.395190059999948,
              51.39786222600003
            ],
            [
              -3.395789827999977,
              51.382731223000064
            ],
            [
              -3.342364630999953,
              51.381062935000045
            ],
            [
              -3.310333148999973,
              51.39275778000007
            ],
            [
              -3.265802605999966,
              51.38752300800007
            ],
            [
              -3.260904269999969,
              51.39477254700006
            ],
            [
              -3.224154078999959,
              51.403419969000026
            ],
            [
              -3.187643106999928,
              51.400088579000055
            ],
            [
              -3.169696911999949,
              51.40629597100008
            ],
            [
              -3.165733112999931,
              51.44617439400008
            ],
            [
              -3.186664785999938,
              51.44790020000005
            ],
            [
              -3.21964451499997,
              51.474992986000075
            ],
            [
              -3.248053264999953,
              51.46455524500004
            ],
            [
              -3.271059094999941,
              51.465053373000046
            ],
            [
              -3.298385005999933,
              51.49991468400003
            ],
            [
              -3.335738505999927,
              51.50842732000007
            ],
            [
              -3.378640852999979,
              51.51271302500004
            ],
            [
              -3.401913434999926,
              51.498963063000076
            ],
            [
              -3.411058056999934,
              51.50676653200003
            ],
            [
              -3.465360904999955,
              51.514808747000075
            ],
            [
              -3.497512381999968,
              51.512642035000056
            ],
            [
              -3.529609798999957,
              51.501363628000036
            ],
            [
              -3.527611262999926,
              51.49368419000007
            ],
            [
              -3.539449918999935,
              51.49103127500007
            ],
            [
              -3.532850415999974,
              51.481605638000076
            ],
            [
              -3.554761101999929,
              51.49277339200006
            ],
            [
              -3.619630502999939,
              51.47661959800007
            ]
          ]
        ]
      }
    },
    {
      "type": "Feature",
      "properties": {
        "shapeName": "Cardiff",
        "shapeISO": "",
        "shapeID": "12218062B31425119605902",
        "shapeGroup": "GBR",
        "shapeType": "ADM3"
      },
      "geometry": {
        "type": "Polygon",
        "coordinates": [
          [
            [
              -3.165733112999931,
              51.44617439400008
            ],
            [
              -3.164388922999933,
              51.445814778000056
            ],
            [
              -3.164141411999935,
              51.44576020000005
            ],
            [
              -3.123580715999935,
              51.486045810000064
            ],
            [
              -3.141757143999939,
              51.51227329300008
            ],
            [
              -3.125454125999966,
              51.48950556200003
            ],
            [
              -3.082720265999967,
              51.50190644200006
            ],
            [
              -3.090391372999932,
              51.50987460700003
            ],
            [
              -3.068910179999932,
              51.520266356000036
            ],
            [
              -3.118891323999947,
              51.54563797700007
            ],
            [
              -3.144483123999976,
              51.555337758000064
            ],
            [
              -3.152575732999935,
              51.55164118700003
            ],
            [
              -3.163734790999968,
              51.56050499500003
            ],
            [
              -3.237695861999953,
              51.55260266000005
            ],
            [
              -3.261572155999943,
              51.53778655500008
            ],
            [
              -3.27766722299998,
              51.55185812000008
            ],
            [
              -3.310363503999952,
              51.548932249000075
            ],
            [
              -3.324359294999965,
              51.53577531600007
            ],
            [
              -3.341592637999952,
              51.535139119000064
            ],
            [
              -3.335738505999927,
              51.50842732000007
            ],
            [
              -3.298385005999933,
              51.49991468400003
            ],
            [
              -3.271059094999941,
              51.465053373000046
            ],
            [
              -3.248053264999953,
              51.46455524500004
            ],
            [
              -3.21964451499997,
              51.474992986000075
            ],
            [
              -3.186664785999938,
              51.44790020000005
            ],
            [
              -3.165733112999931,
              51.44617439400008
            ]
          ]
        ]
      }
    },
    {
      "type": "Feature",
      "properties": {
        "shapeName": "Rhondda Cynon Taf",
        "shapeISO": "",
        "shapeID": "12218062B39229008186841",
        "shapeGroup": "GBR",
        "shapeType": "ADM3"
      },
      "geometry": {
        "type": "Polygon",
        "coordinates": [
          [
            [
              -3.563310393999927,
              51.64548476400006
            ],
            [
              -3.537638452999943,
              51.644133226000065
            ],
            [
              -3.510021535999954,
              51.618140726000036
            ],
            [
              -3.472526233999929,
              51.601269853000076
            ],
            [
              -3.476467354999954,
              51.581636253000056
            ],
            [
              -3.488732243999948,
              51.57424280100008
            ],
            [
              -3.463025047999963,
              51.54341198100008
            ],
            [
              -3.497512381999968,
              51.512642035000056
            ],
            [
              -3.465360904999955,
              51.514808747000075
            ],
            [
              -3.411058056999934,
              51.50676653200003
            ],
            [
              -3.401913434999926,
              51.498963063000076
            ],
            [
              -3.378640852999979,
              51.51271302500004
            ],
            [
              -3.335738505999927,
              51.50842732000007
            ],
            [
              -3.341592637999952,
              51.535139119000064
            ],
            [
              -3.324359294999965,
              51.53577531600007
            ],
            [
              -3.310363503999952,
              51.548932249000075
            ],
            [
              -3.27766722299998,
              51.55185812000008
            ],
            [
              -3.261572155999943,
              51.53778655500008
            ],
            [
              -3.237695861999953,
              51.55260266000005
            ],
            [
              -3.242454093999925,
              51.56548818400006
            ],
            [
              -3.262856976999956,
              51.56623673100006
            ],
            [
              -3.26984766299995,
              51.583830997000064
            ],
            [
              -3.291382064999937,
              51.59210678200003
            ],
            [
              -3.313907227999948,
              51.64467954300005
            ],
            [
              -3.313861828999961,
              51.65570421700005
            ],
            [
              -3.331193706999954,
              51.65650352000006
            ],
            [
              -3.380040146999931,
              51.71101182000007
            ],
            [
              -3.399915130999943,
              51.71788370400003
            ],
            [
              -3.453150144999938,
              51.76166158800004
            ],
            [
              -3.42747167899995,
              51.75849827600007
            ],
            [
              -3.416634358999943,
              51.76717785500006
            ],
            [
              -3.440688353999974,
              51.79580384700006
            ],
            [
              -3.444203071999937,
              51.816485853000074
            ],
            [
              -3.460131726999975,
              51.83012922900008
            ],
            [
              -3.470073661999947,
              51.82850460700007
            ],
            [
              -3.476330087999941,
              51.80947070900004
            ],
            [
              -3.541213081999956,
              51.78456331500007
            ],
            [
              -3.537063668999963,
              51.77619770700005
            ],
            [
              -3.559868153999957,
              51.777515863000076
            ],
            [
              -3.565643623999961,
              51.76488452000007
            ],
            [
              -3.591293184999927,
              51.75461194400003
            ],
            [
              -3.57864597899993,
              51.717880749000074
            ],
            [
              -3.589585148999959,
              51.679272413000035
            ],
            [
              -3.563310393999927,
              51.64548476400006
            ]
          ]
        ]
      }
    },
    {
      "type": "Feature",
      "properties": {
        "shapeName": "Caerphilly",
        "shapeISO": "",
        "shapeID": "12218062B42104437509916",
        "shapeGroup": "GBR",
        "shapeType": "ADM3"
      },
      "geometry": {
        "type": "Polygon",
        "coordinates": [
          [
            [
              -3.118891323999947,
              51.54563797700007
            ],
            [
              -3.090204889999939,
              51.56926608500004
            ],
            [
              -3.121754155999952,
              51.579692590000036
            ],
            [
              -3.124192208999943,
              51.58855140500003
            ],
            [
              -3.105157960999975,
              51.59721467700007
            ],
            [
              -3.093738135999956,
              51.591397991000065
            ],
            [
              -3.064572974999976,
              51.60393260700005
            ],
            [
              -3.081828755999936,
              51.61943282000004
            ],
            [
              -3.102654679999944,
              51.63395117400006
            ],
            [
              -3.074839105999956,
              51.65223986900003
            ],
            [
              -3.071662608999929,
              51.67418724400005
            ],
            [
              -3.084423163999929,
              51.68835867700005
            ],
            [
              -3.101973892999979,
              51.68209167400005
            ],
            [
              -3.116115165999929,
              51.69080240900007
            ],
            [
              -3.137667671999964,
              51.681925679000074
            ],
            [
              -3.129071954999972,
              51.69578125700008
            ],
            [
              -3.156362979999926,
              51.71397013500007
            ],
            [
              -3.167248930999961,
              51.70990155000004
            ],
            [
              -3.210131284999932,
              51.750094784000055
            ],
            [
              -3.219637120999948,
              51.74508073800007
            ],
            [
              -3.210882991999938,
              51.730703360000064
            ],
            [
              -3.22404860499995,
              51.72914994300004
            ],
            [
              -3.222891908999941,
              51.723100671000054
            ],
            [
              -3.266973031999953,
              51.75929247000005
            ],
            [
              -3.272482754999942,
              51.77748293900004
            ],
            [
              -3.301317239999946,
              51.798976279000044
            ],
            [
              -3.310095039999965,
              51.79430196700008
            ],
            [
              -3.334470440999951,
              51.79040229600008
            ],
            [
              -3.329046171999948,
              51.75865278500004
            ],
            [
              -3.309950464999929,
              51.73904960700003
            ],
            [
              -3.315511698999956,
              51.73180860300005
            ],
            [
              -3.30063748799995,
              51.73631437200004
            ],
            [
              -3.273930587999928,
              51.68233684200004
            ],
            [
              -3.284679971999935,
              51.67712979200007
            ],
            [
              -3.285216739999953,
              51.65823840000007
            ],
            [
              -3.296110038999927,
              51.664093929000046
            ],
            [
              -3.313907227999948,
              51.64467954300005
            ],
            [
              -3.291382064999937,
              51.59210678200003
            ],
            [
              -3.26984766299995,
              51.583830997000064
            ],
            [
              -3.262856976999956,
              51.56623673100006
            ],
            [
              -3.242454093999925,
              51.56548818400006
            ],
            [
              -3.237695861999953,
              51.55260266000005
            ],
            [
              -3.163734790999968,
              51.56050499500003
            ],
            [
              -3.152575732999935,
              51.55164118700003
            ],
            [
              -3.144483123999976,
              51.555337758000064
            ],
            [
              -3.118891323999947,
              51.54563797700007
            ]
          ]
        ]
      }
    },
    {
      "type": "Feature",
      "properties": {
        "shapeName": "Blaenau Gwent",
        "shapeISO": "",
        "shapeID": "12218062B81569862704767",
        "shapeGroup": "GBR",
        "shapeType": "ADM3"
      },
      "geometry": {
        "type": "Polygon",
        "coordinates": [
          [
            [
              -3.116115165999929,
              51.69080240900007
            ],
            [
              -3.106015707999973,
              51.72051538100004
            ],
            [
              -3.11518947899998,
              51.75739612000007
            ],
            [
              -3.106113864999941,
              51.76125218100003
            ],
            [
              -3.143924122999977,
              51.78610075600005
            ],
            [
              -3.134188842999947,
              51.79281032200004
            ],
            [
              -3.156860777999952,
              51.79608885400006
            ],
            [
              -3.145827778999944,
              51.804696791000026
            ],
            [
              -3.157351847999962,
              51.81605106100005
            ],
            [
              -3.238778882999952,
              51.81235526300003
            ],
            [
              -3.283434673999977,
              51.825488637000035
            ],
            [
              -3.308585592999975,
              51.80613294300008
            ],
            [
              -3.310095039999965,
              51.79430196700008
            ],
            [
              -3.301317239999946,
              51.798976279000044
            ],
            [
              -3.272482754999942,
              51.77748293900004
            ],
            [
              -3.266973031999953,
              51.75929247000005
            ],
            [
              -3.222891908999941,
              51.723100671000054
            ],
            [
              -3.22404860499995,
              51.72914994300004
            ],
            [
              -3.210882991999938,
              51.730703360000064
            ],
            [
              -3.219637120999948,
              51.74508073800007
            ],
            [
              -3.210131284999932,
              51.750094784000055
            ],
            [
              -3.167248930999961,
              51.70990155000004
            ],
            [
              -3.156362979999926,
              51.71397013500007
            ],
            [
              -3.129071954999972,
              51.69578125700008
            ],
            [
              -3.137667671999964,
              51.681925679000074
            ],
            [
              -3.116115165999929,
              51.69080240900007
            ]
          ]
        ]
      }
    },
    {
      "type": "Feature",
      "properties": {
        "shapeName": "Torfaen",
        "shapeISO": "",
        "shapeID": "12218062B66973364431499",
        "shapeGroup": "GBR",
        "shapeType": "ADM3"
      },
      "geometry": {
        "type": "Polygon",
        "coordinates": [
          [
            [
              -3.081828755999936,
              51.61943282000004
            ],
            [
              -3.045043190999934,
              51.606674921000035
            ],
            [
              -3.047172441999976,
              51.62250742100008
            ],
            [
              -3.01966379199996,
              51.61652732200008
            ],
            [
              -2.989325514999962,
              51.62876290500003
            ],
            [
              -2.958910676999949,
              51.62878030200005
            ],
            [
              -3.003469575999929,
              51.66905731300005
            ],
            [
              -2.994902663999937,
              51.67925903300005
            ],
            [
              -2.979455249999944,
              51.67368544500005
            ],
            [
              -2.968599050999956,
              51.69143944800004
            ],
            [
              -3.002005061999967,
              51.690829224000026
            ],
            [
              -2.983547017999967,
              51.715371151000056
            ],
            [
              -3.031286967999961,
              51.722679407000044
            ],
            [
              -3.027780022999934,
              51.74537254900008
            ],
            [
              -3.049336665999931,
              51.76044797800006
            ],
            [
              -3.043448634999947,
              51.77040285100003
            ],
            [
              -3.058877434999943,
              51.78363975800005
            ],
            [
              -3.108239227999945,
              51.79622132800006
            ],
            [
              -3.134188842999947,
              51.79281032200004
            ],
            [
              -3.143924122999977,
              51.78610075600005
            ],
            [
              -3.106113864999941,
              51.76125218100003
            ],
            [
              -3.11518947899998,
              51.75739612000007
            ],
            [
              -3.106015707999973,
              51.72051538100004
            ],
            [
              -3.116115165999929,
              51.69080240900007
            ],
            [
              -3.101973892999979,
              51.68209167400005
            ],
            [
              -3.084423163999929,
              51.68835867700005
            ],
            [
              -3.071662608999929,
              51.67418724400005
            ],
            [
              -3.074839105999956,
              51.65223986900003
            ],
            [
              -3.102654679999944,
              51.63395117400006
            ],
            [
              -3.081828755999936,
              51.61943282000004
            ]
          ]
        ]
      }
    },
    {
      "type": "Feature",
      "properties": {
        "shapeName": "Monmouthshire",
        "shapeISO": "",
        "shapeID": "12218062B88602961259508",
        "shapeGroup": "GBR",
        "shapeType": "ADM3"
      },
      "geometry": {
        "type": "Polygon",
        "coordinates": [
          [
            [
              -3.067368086999977,
              51.983142763000046
            ],
            [
              -3.093086358999926,
              51.96519060300005
            ],
            [
              -3.081593312999928,
              51.955393994000076
            ],
            [
              -3.090054145999943,
              51.95035459500008
            ],
            [
              -3.078651037999975,
              51.92453076400005
            ],
            [
              -3.049506750999967,
              51.91144576800008
            ],
            [
              -3.040054132999956,
              51.88458982100008
            ],
            [
              -3.072245952999936,
              51.875196147000054
            ],
            [
              -3.063402365999934,
              51.86332329700008
            ],
            [
              -3.09717313799996,
              51.846427547000076
            ],
            [
              -3.101001782999958,
              51.832048721000035
            ],
            [
              -3.120520559999932,
              51.83892074900007
            ],
            [
              -3.157351847999962,
              51.81605106100005
            ],
            [
              -3.145827778999944,
              51.804696791000026
            ],
            [
              -3.156860777999952,
              51.79608885400006
            ],
            [
              -3.134188842999947,
              51.79281032200004
            ],
            [
              -3.108239227999945,
              51.79622132800006
            ],
            [
              -3.058877434999943,
              51.78363975800005
            ],
            [
              -3.043448634999947,
              51.77040285100003
            ],
            [
              -3.049336665999931,
              51.76044797800006
            ],
            [
              -3.027780022999934,
              51.74537254900008
            ],
            [
              -3.031286967999961,
              51.722679407000044
            ],
            [
              -2.983547017999967,
              51.715371151000056
            ],
            [
              -3.002005061999967,
              51.690829224000026
            ],
            [
              -2.968599050999956,
              51.69143944800004
            ],
            [
              -2.979455249999944,
              51.67368544500005
            ],
            [
              -2.994902663999937,
              51.67925903300005
            ],
            [
              -3.003469575999929,
              51.66905731300005
            ],
            [
              -2.958910676999949,
              51.62878030200005
            ],
            [
              -2.944839746999946,
              51.621248612000045
            ],
            [
              -2.930237013999943,
              51.62226348300004
            ],
            [
              -2.908609422999973,
              51.62380020400008
            ],
            [
              -2.886485277999952,
              51.63971538800007
            ],
            [
              -2.836824518999947,
              51.64947065300004
            ],
            [
              -2.80567939599996,
              51.623718835000034
            ],
            [
              -2.803283916999931,
              51.615689488000044
            ],
            [
              -2.830281880999962,
              51.614948767000044
            ],
            [
              -2.847403885999938,
              51.60092257500003
            ],
            [
              -2.845961944999942,
              51.58726848100008
            ],
            [
              -2.859198660999937,
              51.57942250500008
            ],
            [
              -2.852665529999967,
              51.57125619800007
            ],
            [
              -2.834226515999944,
              51.57038151900008
            ],
            [
              -2.821635276999928,
              51.55406892800005
            ],
            [
              -2.75753556899997,
              51.578409830000055
            ],
            [
              -2.712610736999977,
              51.58235393900003
            ],
            [
              -2.695581600999958,
              51.603405198000075
            ],
            [
              -2.669693610999957,
              51.60878474300006
            ],
            [
              -2.658194654999932,
              51.62162933700006
            ],
            [
              -2.66330276399998,
              51.635612337000055
            ],
            [
              -2.66635611199996,
              51.64396645700003
            ],
            [
              -2.681015470999967,
              51.64676260300007
            ],
            [
              -2.666755395999928,
              51.664203289000056
            ],
            [
              -2.68576509899998,
              51.66215587600004
            ],
            [
              -2.687152660999971,
              51.66310591000007
            ],
            [
              -2.657588524999937,
              51.673861111000065
            ],
            [
              -2.670683838999935,
              51.68718422900008
            ],
            [
              -2.684349595999947,
              51.70107762100008
            ],
            [
              -2.683442004999961,
              51.70115266600004
            ],
            [
              -2.681835908999972,
              51.70128545000006
            ],
            [
              -2.680376434999971,
              51.70140609100008
            ],
            [
              -2.669391251999969,
              51.70231353400004
            ],
            [
              -2.67109746999995,
              51.70489602100008
            ],
            [
              -2.687940165999976,
              51.73037123300003
            ],
            [
              -2.669523572999935,
              51.742727916000035
            ],
            [
              -2.666952894999952,
              51.74698360900004
            ],
            [
              -2.662695647999954,
              51.75402953400004
            ],
            [
              -2.68045230599995,
              51.768929393000064
            ],
            [
              -2.66981074399996,
              51.79427343300006
            ],
            [
              -2.678604138999958,
              51.80261459400003
            ],
            [
              -2.659538914999928,
              51.81068234700007
            ],
            [
              -2.660871607999979,
              51.82275383900003
            ],
            [
              -2.650400869999942,
              51.82612466200004
            ],
            [
              -2.666197713999964,
              51.83562354000003
            ],
            [
              -2.693295708999926,
              51.833840989000066
            ],
            [
              -2.697302289999925,
              51.844809102000056
            ],
            [
              -2.715128537999931,
              51.84024391100007
            ],
            [
              -2.71960532199995,
              51.84891925900007
            ],
            [
              -2.738848760999929,
              51.83661649000004
            ],
            [
              -2.778799055999968,
              51.86585904700007
            ],
            [
              -2.76842847599994,
              51.88054098300006
            ],
            [
              -2.836100853999937,
              51.90604498500005
            ],
            [
              -2.841908542999931,
              51.91772646000004
            ],
            [
              -2.861920029999965,
              51.91401813500005
            ],
            [
              -2.844935064999959,
              51.922025974000064
            ],
            [
              -2.877835394999977,
              51.93381435200007
            ],
            [
              -2.971846501999948,
              51.90498160300007
            ],
            [
              -2.976665504999971,
              51.92749017600005
            ],
            [
              -3.008123485999931,
              51.92713052900007
            ],
            [
              -3.025944652999954,
              51.95728227300003
            ],
            [
              -3.067368086999977,
              51.983142763000046
            ]
          ]
        ]
      }
    },
    {
      "type": "Feature",
      "properties": {
        "shapeName": "Newport",
        "shapeISO": "",
        "shapeID": "12218062B62081435247454",
        "shapeGroup": "GBR",
        "shapeType": "ADM3"
      },
      "geometry": {
        "type": "Polygon",
        "coordinates": [
          [
            [
              -3.082720265999967,
              51.50190644200006
            ],
            [
              -2.995309279999958,
              51.53647032200007
            ],
            [
              -2.989311172999976,
              51.547513854000044
            ],
            [
              -3.004918310999926,
              51.565770738000026
            ],
            [
              -2.98871343899998,
              51.54952721500007
            ],
            [
              -2.970231450999961,
              51.55558824900004
            ],
            [
              -2.981657089999942,
              51.54513187600003
            ],
            [
              -2.95123536899996,
              51.535092046000045
            ],
            [
              -2.914017007999973,
              51.542575930000055
            ],
            [
              -2.922522733999926,
              51.53578496700004
            ],
            [
              -2.904882432999955,
              51.53239716400003
            ],
            [
              -2.821635276999928,
              51.55406892800005
            ],
            [
              -2.834226515999944,
              51.57038151900008
            ],
            [
              -2.852665529999967,
              51.57125619800007
            ],
            [
              -2.859198660999937,
              51.57942250500008
            ],
            [
              -2.845961944999942,
              51.58726848100008
            ],
            [
              -2.847403885999938,
              51.60092257500003
            ],
            [
              -2.830281880999962,
              51.614948767000044
            ],
            [
              -2.803283916999931,
              51.615689488000044
            ],
            [
              -2.80567939599996,
              51.623718835000034
            ],
            [
              -2.836824518999947,
              51.64947065300004
            ],
            [
              -2.886485277999952,
              51.63971538800007
            ],
            [
              -2.908609422999973,
              51.62380020400008
            ],
            [
              -2.930237013999943,
              51.62226348300004
            ],
            [
              -2.944839746999946,
              51.621248612000045
            ],
            [
              -2.958910676999949,
              51.62878030200005
            ],
            [
              -2.989325514999962,
              51.62876290500003
            ],
            [
              -3.01966379199996,
              51.61652732200008
            ],
            [
              -3.047172441999976,
              51.62250742100008
            ],
            [
              -3.045043190999934,
              51.606674921000035
            ],
            [
              -3.081828755999936,
              51.61943282000004
            ],
            [
              -3.064572974999976,
              51.60393260700005
            ],
            [
              -3.093738135999956,
              51.591397991000065
            ],
            [
              -3.105157960999975,
              51.59721467700007
            ],
            [
              -3.124192208999943,
              51.58855140500003
            ],
            [
              -3.121754155999952,
              51.579692590000036
            ],
            [
              -3.090204889999939,
              51.56926608500004
            ],
            [
              -3.118891323999947,
              51.54563797700007
            ],
            [
              -3.068910179999932,
              51.520266356000036
            ],
            [
              -3.090391372999932,
              51.50987460700003
            ],
            [
              -3.082720265999967,
              51.50190644200006
            ]
          ]
        ]
      }
    },
    {
      "type": "Feature",
      "properties": {
        "shapeName": "Powys",
        "shapeISO": "",
        "shapeID": "12218062B28928885440136",
        "shapeGroup": "GBR",
        "shapeType": "ADM3"
      },
      "geometry": {
        "type": "Polygon",
        "coordinates": [
          [
            [
              -2.954651528999932,
              52.349154749000036
            ],
            [
              -2.974503422999931,
              52.35470075500007
            ],
            [
              -3.040174572999945,
              52.344326426000066
            ],
            [
              -3.060664587999952,
              52.34823950700007
            ],
            [
              -3.110606684999937,
              52.37719283800004
            ],
            [
              -3.154446795999945,
              52.38771515500008
            ],
            [
              -3.178836716999967,
              52.40939731000003
            ],
            [
              -3.219544671999927,
              52.42125296300003
            ],
            [
              -3.235543075999942,
              52.44250359100005
            ],
            [
              -3.197240337999972,
              52.47598938700003
            ],
            [
              -3.180214649999925,
              52.47393446700005
            ],
            [
              -3.111017311999944,
              52.49893481100003
            ],
            [
              -3.029202353999949,
              52.50126800600003
            ],
            [
              -3.032379116999948,
              52.52373133000003
            ],
            [
              -3.003873858999953,
              52.51983301400003
            ],
            [
              -2.994164162999937,
              52.55291085600004
            ],
            [
              -3.01423062799995,
              52.575496531000056
            ],
            [
              -3.087276003999932,
              52.55133148300007
            ],
            [
              -3.085412468999948,
              52.534502684000074
            ],
            [
              -3.133064542999932,
              52.527470590000064
            ],
            [
              -3.137044872999979,
              52.534044788000074
            ],
            [
              -3.111495587999968,
              52.54136374800004
            ],
            [
              -3.139500940999937,
              52.58571978700007
            ],
            [
              -3.117414316999941,
              52.58576312000008
            ],
            [
              -3.08955833999994,
              52.59950627600006
            ],
            [
              -3.093622744999948,
              52.60933906900004
            ],
            [
              -3.073187074999964,
              52.62896264800003
            ],
            [
              -3.059799077999969,
              52.63072117000007
            ],
            [
              -3.083566447999942,
              52.64129249600006
            ],
            [
              -3.051112708999938,
              52.64736554000007
            ],
            [
              -3.038580457999956,
              52.675373154000056
            ],
            [
              -3.047047995999947,
              52.69126582400003
            ],
            [
              -3.022486122999965,
              52.70666792900005
            ],
            [
              -3.020357352999952,
              52.72510222500006
            ],
            [
              -3.000554822999959,
              52.72027529300004
            ],
            [
              -2.97759212699998,
              52.72659165200008
            ],
            [
              -2.978103198999975,
              52.71535730800008
            ],
            [
              -2.96107959099993,
              52.71646567300007
            ],
            [
              -2.965065858999935,
              52.732268039000076
            ],
            [
              -2.991319932999943,
              52.73381797900004
            ],
            [
              -2.991992950999929,
              52.743756019000045
            ],
            [
              -3.021809971999971,
              52.75194076500003
            ],
            [
              -3.010790372999963,
              52.758563679000076
            ],
            [
              -3.017199597999934,
              52.76766416900006
            ],
            [
              -3.035094501999936,
              52.76400869300005
            ],
            [
              -3.038976975999958,
              52.77040076500003
            ],
            [
              -3.052579910999953,
              52.76868952500007
            ],
            [
              -3.047789591999958,
              52.77264259300006
            ],
            [
              -3.079516241999954,
              52.771513897000034
            ],
            [
              -3.091682639999931,
              52.78666296200004
            ],
            [
              -3.086632360999943,
              52.795593143000076
            ],
            [
              -3.118287008999971,
              52.78358240000006
            ],
            [
              -3.160855528999946,
              52.795745071000056
            ],
            [
              -3.153190203999941,
              52.80636860700008
            ],
            [
              -3.168205332999946,
              52.80732842200007
            ],
            [
              -3.167887701999973,
              52.81926666800007
            ],
            [
              -3.151260559999969,
              52.84256487400006
            ],
            [
              -3.163014919999966,
              52.847490926000035
            ],
            [
              -3.127713052999979,
              52.867103006000036
            ],
            [
              -3.152416886999958,
              52.87874786300006
            ],
            [
              -3.135524304999933,
              52.88501364200005
            ],
            [
              -3.147504115999936,
              52.89016932000004
            ],
            [
              -3.174381994999976,
              52.90157551800007
            ],
            [
              -3.205365121999932,
              52.893129241000054
            ],
            [
              -3.23300329999995,
              52.86701099900006
            ],
            [
              -3.261803242999974,
              52.86660859400007
            ],
            [
              -3.345651171999975,
              52.892540833000055
            ],
            [
              -3.375015003999977,
              52.89245342600003
            ],
            [
              -3.388823715999933,
              52.87607010100004
            ],
            [
              -3.467246803999956,
              52.86207776100008
            ],
            [
              -3.483012584999926,
              52.86545361200007
            ],
            [
              -3.505285638999965,
              52.84195670500003
            ],
            [
              -3.566673071999958,
              52.83007965100006
            ],
            [
              -3.568170390999967,
              52.82289549200004
            ],
            [
              -3.586476332999951,
              52.82771731000008
            ],
            [
              -3.59705846199995,
              52.814053956000066
            ],
            [
              -3.60871325599993,
              52.79402161300004
            ],
            [
              -3.583514290999972,
              52.73862287600008
            ],
            [
              -3.599294480999959,
              52.72588192000006
            ],
            [
              -3.602017324999963,
              52.70498615900004
            ],
            [
              -3.656375177999962,
              52.691372614000045
            ],
            [
              -3.683927824999955,
              52.693857828000034
            ],
            [
              -3.70936777999998,
              52.67108243900003
            ],
            [
              -3.716759869999976,
              52.67877866500004
            ],
            [
              -3.74390757499998,
              52.68130875500003
            ],
            [
              -3.759351730999981,
              52.669446349000054
            ],
            [
              -3.808095763999972,
              52.677945339000075
            ],
            [
              -3.840714224999942,
              52.650902845000076
            ],
            [
              -3.83461416199998,
              52.63305871100005
            ],
            [
              -3.850450079999973,
              52.62063584800006
            ],
            [
              -3.841883788999951,
              52.59985543300007
            ],
            [
              -3.87527136999995,
              52.59292799000008
            ],
            [
              -3.875437842999929,
              52.58348385000005
            ],
            [
              -3.892047644999934,
              52.57694875400006
            ],
            [
              -3.915237825999952,
              52.578404301000035
            ],
            [
              -3.920207362999975,
              52.57394740600006
            ],
            [
              -3.923089778999952,
              52.564922144000036
            ],
            [
              -3.906245567999974,
              52.56080084100006
            ],
            [
              -3.859466396999949,
              52.56084358100003
            ],
            [
              -3.84086212099993,
              52.55135476800007
            ],
            [
              -3.843996067999967,
              52.51203923800006
            ],
            [
              -3.826755950999939,
              52.48479397700004
            ],
            [
              -3.812466964999942,
              52.47891146100005
            ],
            [
              -3.733260689999952,
              52.50658954600004
            ],
            [
              -3.744798316999947,
              52.474633245000064
            ],
            [
              -3.766407620999928,
              52.469303585000034
            ],
            [
              -3.771616961999939,
              52.44215242000007
            ],
            [
              -3.712050280999961,
              52.413356400000055
            ],
            [
              -3.697200842999962,
              52.36692953000005
            ],
            [
              -3.685478944999943,
              52.368221248000054
            ],
            [
              -3.658167574999936,
              52.347649113000045
            ],
            [
              -3.705129703999944,
              52.34145457900007
            ],
            [
              -3.74501087799996,
              52.31756574900004
            ],
            [
              -3.727736662999973,
              52.30582614600007
            ],
            [
              -3.733089955999958,
              52.29030411700006
            ],
            [
              -3.70717032899995,
              52.27405754700004
            ],
            [
              -3.731637759999956,
              52.27145069200003
            ],
            [
              -3.753433582999946,
              52.25176056600003
            ],
            [
              -3.74420818699997,
              52.24630453100008
            ],
            [
              -3.752271942999926,
              52.19761400800007
            ],
            [
              -3.74205141799996,
              52.139299393000044
            ],
            [
              -3.758102320999967,
              52.12823432500005
            ],
            [
              -3.720319191999977,
              52.11750157700004
            ],
            [
              -3.714076562999935,
              52.10497091000008
            ],
            [
              -3.72879957899994,
              52.09398306200006
            ],
            [
              -3.723095509999951,
              52.085214249000046
            ],
            [
              -3.667131212999948,
              52.07429924200005
            ],
            [
              -3.679049998999972,
              52.060612
            ],
            [
              -3.647136665999938,
              52.03878917700007
            ],
            [
              -3.668272397999942,
              52.02543230800006
            ],
            [
              -3.670016789999977,
              52.00421317400003
            ],
            [
              -3.711203688999944,
              51.96187933900006
            ],
            [
              -3.699906608999925,
              51.946088821000046
            ],
            [
              -3.720936633999941,
              51.94131155900004
            ],
            [
              -3.727518171999975,
              51.91051414800006
            ],
            [
              -3.71368289399993,
              51.90593625300005
            ],
            [
              -3.713837574999957,
              51.887125565000076
            ],
            [
              -3.772645667999939,
              51.84602229400008
            ],
            [
              -3.80669065099994,
              51.78795226200003
            ],
            [
              -3.770320615999935,
              51.75452160700007
            ],
            [
              -3.746090871999968,
              51.75339220700005
            ],
            [
              -3.72791067299994,
              51.77620661200007
            ],
            [
              -3.670366104999971,
              51.78719819500003
            ],
            [
              -3.603431046999958,
              51.77384642200008
            ],
            [
              -3.591293184999927,
              51.75461194400003
            ],
            [
              -3.565643623999961,
              51.76488452000007
            ],
            [
              -3.559868153999957,
              51.777515863000076
            ],
            [
              -3.537063668999963,
              51.77619770700005
            ],
            [
              -3.541213081999956,
              51.78456331500007
            ],
            [
              -3.476330087999941,
              51.80947070900004
            ],
            [
              -3.470073661999947,
              51.82850460700007
            ],
            [
              -3.460131726999975,
              51.83012922900008
            ],
            [
              -3.444203071999937,
              51.816485853000074
            ],
            [
              -3.417131824999956,
              51.83510084200003
            ],
            [
              -3.402417263999951,
              51.82631168300003
            ],
            [
              -3.402315603999966,
              51.814158752000026
            ],
            [
              -3.357539524999936,
              51.80697681800007
            ],
            [
              -3.360053953999966,
              51.79108815700005
            ],
            [
              -3.334470440999951,
              51.79040229600008
            ],
            [
              -3.310095039999965,
              51.79430196700008
            ],
            [
              -3.308585592999975,
              51.80613294300008
            ],
            [
              -3.283434673999977,
              51.825488637000035
            ],
            [
              -3.238778882999952,
              51.81235526300003
            ],
            [
              -3.157351847999962,
              51.81605106100005
            ],
            [
              -3.120520559999932,
              51.83892074900007
            ],
            [
              -3.101001782999958,
              51.832048721000035
            ],
            [
              -3.09717313799996,
              51.846427547000076
            ],
            [
              -3.063402365999934,
              51.86332329700008
            ],
            [
              -3.072245952999936,
              51.875196147000054
            ],
            [
              -3.040054132999956,
              51.88458982100008
            ],
            [
              -3.049506750999967,
              51.91144576800008
            ],
            [
              -3.078651037999975,
              51.92453076400005
            ],
            [
              -3.090054145999943,
              51.95035459500008
            ],
            [
              -3.081593312999928,
              51.955393994000076
            ],
            [
              -3.093086358999926,
              51.96519060300005
            ],
            [
              -3.067368086999977,
              51.983142763000046
            ],
            [
              -3.099199072999966,
              52.02268579000008
            ],
            [
              -3.08628680299995,
              52.04019435500004
            ],
            [
              -3.090588265999941,
              52.050513272000046
            ],
            [
              -3.125895779999951,
              52.07831080100004
            ],
            [
              -3.122715325999934,
              52.10315791100004
            ],
            [
              -3.105465887999969,
              52.105386225000075
            ],
            [
              -3.104985241999941,
              52.11672760400006
            ],
            [
              -3.141920892999963,
              52.12786716700003
            ],
            [
              -3.135873473999936,
              52.13790837300007
            ],
            [
              -3.093690235999929,
              52.144305976000055
            ],
            [
              -3.072538422999969,
              52.15577321600006
            ],
            [
              -3.082543324999961,
              52.163047136000046
            ],
            [
              -3.098896197999977,
              52.15473386200006
            ],
            [
              -3.122430635999933,
              52.16341958700008
            ],
            [
              -3.094651213999953,
              52.18374225100007
            ],
            [
              -3.102082039999971,
              52.202720412000076
            ],
            [
              -3.072091970999963,
              52.21308726600006
            ],
            [
              -3.073036879999961,
              52.235876904000065
            ],
            [
              -3.044215289999954,
              52.237927436000064
            ],
            [
              -3.048318264999978,
              52.25023288800003
            ],
            [
              -3.035861050999927,
              52.25675699900006
            ],
            [
              -3.005776161999961,
              52.264259484000036
            ],
            [
              -2.977181791999953,
              52.25968612500003
            ],
            [
              -2.949634920999927,
              52.269468216000064
            ],
            [
              -3.012608268999941,
              52.279168981000055
            ],
            [
              -3.000866218999931,
              52.32176578200006
            ],
            [
              -2.966801335999946,
              52.329449055000055
            ],
            [
              -2.954651528999932,
              52.349154749000036
            ]
          ]
        ]
      }
    },
    {
      "type": "Feature",
      "properties": {
        "shapeName": "Merthyr Tydfil",
        "shapeISO": "",
        "shapeID": "12218062B49100400035943",
        "shapeGroup": "GBR",
        "shapeType": "ADM3"
      },
      "geometry": {
        "type": "Polygon",
        "coordinates": [
          [
            [
              -3.313907227999948,
              51.64467954300005
            ],
            [
              -3.296110038999927,
              51.664093929000046
            ],
            [
              -3.285216739999953,
              51.65823840000007
            ],
            [
              -3.284679971999935,
              51.67712979200007
            ],
            [
              -3.273930587999928,
              51.68233684200004
            ],
            [
              -3.30063748799995,
              51.73631437200004
            ],
            [
              -3.315511698999956,
              51.73180860300005
            ],
            [
              -3.309950464999929,
              51.73904960700003
            ],
            [
              -3.329046171999948,
              51.75865278500004
            ],
            [
              -3.334470440999951,
              51.79040229600008
            ],
            [
              -3.360053953999966,
              51.79108815700005
            ],
            [
              -3.357539524999936,
              51.80697681800007
            ],
            [
              -3.402315603999966,
              51.814158752000026
            ],
            [
              -3.402417263999951,
              51.82631168300003
            ],
            [
              -3.417131824999956,
              51.83510084200003
            ],
            [
              -3.444203071999937,
              51.816485853000074
            ],
            [
              -3.440688353999974,
              51.79580384700006
            ],
            [
              -3.416634358999943,
              51.76717785500006
            ],
            [
              -3.42747167899995,
              51.75849827600007
            ],
            [
              -3.453150144999938,
              51.76166158800004
            ],
            [
              -3.399915130999943,
              51.71788370400003
            ],
            [
              -3.380040146999931,
              51.71101182000007
            ],
            [
              -3.331193706999954,
              51.65650352000006
            ],
            [
              -3.313861828999961,
              51.65570421700005
            ],
            [
              -3.313907227999948,
              51.64467954300005
            ]
          ]
        ]
      }
    }
  ]
}